WeekSeason,Week,Season,Day,Date,TIME,W/L,OT,Rec,HomeTeam,Home,Opp,Local,W/L,OT,Tm.Score,Opp.Score,1stD.Off,TotYd.Off,PassY.Off,RushY.Off,TO.Off,1stD.Def,TotYd.Def,PassY.Def,RushY.Def,TO.Def,W1,W2,W3,W4,W5,W6,W7,W8,W9,W10,W11,W12,W13,W14,W15,W16,W17,Wild Card,Division,Conf. Champ.,Super Bowl
W1S2019,1,2019,Sun,8-Sep,1:00PM ET,L,,0-1,Washington Football Team,@,Philadelphia Eagles,1,0,0,27,32,15,398,370,28,0,22,436,313,123,0,1,0,0,0,0,0,0,0,0,0,0,0,0,0,0,0,0,0,0,0,0
W2S2019,2,2019,Sun,15-Sep,1:00PM ET,L,,0-2,Washington Football Team,,Dallas Cowboys,0,0,0,21,31,19,255,208,47,0,25,474,261,213,1,0,1,0,0,0,0,0,0,0,0,0,0,0,0,0,0,0,0,0,0,0
W3S2019,3,2019,Mon,23-Sep,8:15PM ET,L,,0-3,Washington Football Team,,Chicago Bears,0,0,0,15,31,25,356,287,69,5,21,298,208,90,1,0,0,1,0,0,0,0,0,0,0,0,0,0,0,0,0,0,0,0,0,0
W4S2019,4,2019,Sun,29-Sep,1:00PM ET,L,,0-4,Washington Football Team,@,New York Giants,1,0,0,3,24,8,176,121,55,4,24,389,225,164,4,0,0,0,1,0,0,0,0,0,0,0,0,0,0,0,0,0,0,0,0,0
W5S2019,5,2019,Sun,6-Oct,1:00PM ET,L,,0-5,Washington Football Team,,New England Patriots,0,0,0,7,33,11,223,78,145,2,23,442,312,130,1,0,0,0,0,1,0,0,0,0,0,0,0,0,0,0,0,0,0,0,0,0
W6S2019,6,2019,Sun,13-Oct,1:00PM ET,W,,1-5,Washington Football Team,@,Miami Dolphins,1,1,0,17,16,13,311,166,145,0,21,271,187,84,2,0,0,0,0,0,1,0,0,0,0,0,0,0,0,0,0,0,0,0,0,0
W7S2019,7,2019,Sun,20-Oct,1:00PM ET,L,,1-6,Washington Football Team,,San Francisco 49ers,0,0,0,0,9,10,154,50,104,1,17,283,146,137,1,0,0,0,0,0,0,1,0,0,0,0,0,0,0,0,0,0,0,0,0,0
W8S2019,8,2019,Thu,24-Oct,8:20PM ET,L,,1-7,Washington Football Team,@,Minnesota Vikings,1,0,0,9,19,14,216,131,85,2,22,434,273,161,1,0,0,0,0,0,0,0,1,0,0,0,0,0,0,0,0,0,0,0,0,0
W9S2019,9,2019,Sun,3-Nov,1:00PM ET,L,,1-8,Washington Football Team,@,Buffalo Bills,1,0,0,9,24,12,243,116,127,0,18,268,146,122,0,0,0,0,0,0,0,0,0,1,0,0,0,0,0,0,0,0,0,0,0,0
W11S2019,11,2019,Sun,17-Nov,1:00PM ET,L,,1-9,Washington Football Team,,New York Jets,0,0,0,17,34,13,225,171,54,1,23,400,285,115,2,0,0,0,0,0,0,0,0,0,0,1,0,0,0,0,0,0,0,0,0,0
W12S2019,12,2019,Sun,24-Nov,1:00PM ET,W,,2-9,Washington Football Team,,Detroit Lions,0,1,0,19,16,13,230,144,86,2,21,364,189,175,4,0,0,0,0,0,0,0,0,0,0,0,1,0,0,0,0,0,0,0,0,0
W13S2019,13,2019,Sun,1-Dec,1:00PM ET,W,,3-9,Washington Football Team,@,Carolina Panthers,1,1,0,29,21,20,362,114,248,0,22,278,213,65,2,0,0,0,0,0,0,0,0,0,0,0,0,1,0,0,0,0,0,0,0,0
W14S2019,14,2019,Sun,8-Dec,1:00PM ET,L,,3-10,Washington Football Team,@,Green Bay Packers,1,0,0,15,20,18,262,141,121,1,18,341,167,174,1,0,0,0,0,0,0,0,0,0,0,0,0,0,1,0,0,0,0,0,0,0
W15S2019,15,2019,Sun,15-Dec,1:00PM ET,L,,3-11,Washington Football Team,,Philadelphia Eagles,0,0,0,27,37,19,352,251,101,1,27,415,258,157,1,0,0,0,0,0,0,0,0,0,0,0,0,0,0,1,0,0,0,0,0,0
W16S2019,16,2019,Sun,22-Dec,1:00PM ET,L,OT,3-12,Washington Football Team,,New York Giants,0,0,0,35,41,25,361,281,80,0,28,552,346,206,0,0,0,0,0,0,0,0,0,0,0,0,0,0,0,0,1,0,0,0,0,0
W17S2019,17,2019,Sun,29-Dec,4:25PM ET,L,,3-13,Washington Football Team,@,Dallas Cowboys,1,0,0,16,47,13,271,183,88,2,22,517,294,223,1,0,0,0,0,0,0,0,0,0,0,0,0,0,0,0,0,1,0,0,0,0
W1S2019,1,2019,Sun,8-Sep,1:00PM ET,W,,1-0,Minnesota Vikings,,Atlanta Falcons,0,1,0,28,12,18,269,97,172,0,27,345,272,73,3,1,0,0,0,0,0,0,0,0,0,0,0,0,0,0,0,0,0,0,0,0
W2S2019,2,2019,Sun,15-Sep,1:00PM ET,L,,1-1,Minnesota Vikings,@,Green Bay Packers,1,0,0,16,21,15,421,223,198,4,20,335,191,144,2,0,1,0,0,0,0,0,0,0,0,0,0,0,0,0,0,0,0,0,0,0
W3S2019,3,2019,Sun,22-Sep,1:00PM ET,W,,2-1,Minnesota Vikings,,Oakland Raiders,0,1,0,34,14,23,385,174,211,0,17,302,214,88,1,0,0,1,0,0,0,0,0,0,0,0,0,0,0,0,0,0,0,0,0,0
W4S2019,4,2019,Sun,29-Sep,4:25PM ET,L,,2-2,Minnesota Vikings,@,Chicago Bears,1,0,0,6,16,15,222,182,40,2,17,269,197,72,0,0,0,0,1,0,0,0,0,0,0,0,0,0,0,0,0,0,0,0,0,0
W5S2019,5,2019,Sun,6-Oct,1:00PM ET,W,,3-2,Minnesota Vikings,@,New York Giants,1,1,0,28,10,22,490,279,211,1,18,211,147,64,1,0,0,0,0,1,0,0,0,0,0,0,0,0,0,0,0,0,0,0,0,0
W6S2019,6,2019,Sun,13-Oct,1:00PM ET,W,,4-2,Minnesota Vikings,,Philadelphia Eagles,0,1,0,38,20,26,447,325,122,2,19,400,292,108,3,0,0,0,0,0,1,0,0,0,0,0,0,0,0,0,0,0,0,0,0,0
W7S2019,7,2019,Sun,20-Oct,1:00PM ET,W,,5-2,Minnesota Vikings,@,Detroit Lions,1,1,0,42,30,32,504,338,166,0,26,433,352,81,1,0,0,0,0,0,0,1,0,0,0,0,0,0,0,0,0,0,0,0,0,0
W8S2019,8,2019,Thu,24-Oct,8:20PM ET,W,,6-2,Minnesota Vikings,,Washington Redskins,0,1,0,19,9,22,434,273,161,1,14,216,131,85,2,0,0,0,0,0,0,0,1,0,0,0,0,0,0,0,0,0,0,0,0,0
W9S2019,9,2019,Sun,3-Nov,1:00PM ET,L,,6-3,Minnesota Vikings,@,Kansas City Chiefs,1,0,0,23,26,17,308,212,96,0,17,377,230,147,1,0,0,0,0,0,0,0,0,1,0,0,0,0,0,0,0,0,0,0,0,0
W10S2019,10,2019,Sun,10-Nov,8:20PM ET,W,,7-3,Minnesota Vikings,@,Dallas Cowboys,1,1,0,28,24,27,364,211,153,0,24,443,393,50,1,0,0,0,0,0,0,0,0,0,1,0,0,0,0,0,0,0,0,0,0,0
W11S2019,11,2019,Sun,17-Nov,1:00PM ET,W,,8-3,Minnesota Vikings,,Denver Broncos,0,1,0,27,23,19,321,284,37,2,20,394,270,124,1,0,0,0,0,0,0,0,0,0,0,1,0,0,0,0,0,0,0,0,0,0
W13S2019,13,2019,Mon,2-Dec,8:15PM ET,L,,8-4,Minnesota Vikings,@,Seattle Seahawks,1,0,0,30,37,17,354,276,78,3,24,444,226,218,2,0,0,0,0,0,0,0,0,0,0,0,0,1,0,0,0,0,0,0,0,0
W14S2019,14,2019,Sun,8-Dec,1:00PM ET,W,,9-4,Minnesota Vikings,,Detroit Lions,0,1,0,20,7,22,354,234,120,0,18,231,161,70,2,0,0,0,0,0,0,0,0,0,0,0,0,0,1,0,0,0,0,0,0,0
W15S2019,15,2019,Sun,15-Dec,4:05PM ET,W,,10-4,Minnesota Vikings,@,Los Angeles Chargers,1,1,0,39,10,18,344,207,137,1,17,345,283,62,7,0,0,0,0,0,0,0,0,0,0,0,0,0,0,1,0,0,0,0,0,0
W16S2019,16,2019,Mon,23-Dec,8:15PM ET,L,,10-5,Minnesota Vikings,,Green Bay Packers,0,0,0,10,23,7,139,82,57,1,22,383,199,184,3,0,0,0,0,0,0,0,0,0,0,0,0,0,0,0,1,0,0,0,0,0
W17S2019,17,2019,Sun,29-Dec,1:00PM ET,L,,10-6,Minnesota Vikings,,Chicago Bears,0,0,0,19,21,14,300,126,174,3,24,337,179,158,1,0,0,0,0,0,0,0,0,0,0,0,0,0,0,0,0,1,0,0,0,0
Wild CardS2019,Wild Card,2019,Sun,5-Jan,1:05PM ET,W,OT,11-6,Minnesota Vikings,@,New Orleans Saints,1,1,0,26,20,22,362,226,136,1,19,324,227,97,2,0,0,0,0,0,0,0,0,0,0,0,0,0,0,0,0,0,1,0,0,0
DivisionS2019,Division,2019,Sat,11-Jan,4:35PM ET,L,,11-7,Minnesota Vikings,@,San Francisco 49ers,1,0,0,10,27,7,147,126,21,2,21,308,122,186,2,0,0,0,0,0,0,0,0,0,0,0,0,0,0,0,0,0,0,1,0,0
W1S2019,1,2019,Sun,8-Sep,1:00PM ET,W,,1-0,Tennessee Titans,@,Cleveland Browns,1,1,0,43,13,21,339,216,123,0,19,346,244,102,3,1,0,0,0,0,0,0,0,0,0,0,0,0,0,0,0,0,0,0,0,0
W2S2019,2,2019,Sun,15-Sep,1:00PM ET,L,,1-1,Tennessee Titans,,Indianapolis Colts,0,0,0,17,19,18,243,119,124,0,21,288,121,167,2,0,1,0,0,0,0,0,0,0,0,0,0,0,0,0,0,0,0,0,0,0
W3S2019,3,2019,Thu,19-Sep,8:20PM ET,L,,1-2,Tennessee Titans,@,Jacksonville Jaguars,1,0,0,7,20,21,340,249,91,1,12,292,204,88,0,0,0,1,0,0,0,0,0,0,0,0,0,0,0,0,0,0,0,0,0,0
W4S2019,4,2019,Sun,29-Sep,1:00PM ET,W,,2-2,Tennessee Titans,@,Atlanta Falcons,1,1,0,24,10,22,365,227,138,0,24,422,364,58,1,0,0,0,1,0,0,0,0,0,0,0,0,0,0,0,0,0,0,0,0,0
W5S2019,5,2019,Sun,6-Oct,1:00PM ET,L,,2-3,Tennessee Titans,,Buffalo Bills,0,0,0,7,14,14,252,150,102,0,18,313,204,109,1,0,0,0,0,1,0,0,0,0,0,0,0,0,0,0,0,0,0,0,0,0
W6S2019,6,2019,Sun,13-Oct,4:25PM ET,L,,2-4,Tennessee Titans,@,Denver Broncos,1,0,0,0,16,12,204,165,39,3,11,270,167,103,1,0,0,0,0,0,1,0,0,0,0,0,0,0,0,0,0,0,0,0,0,0
W7S2019,7,2019,Sun,20-Oct,4:05PM ET,W,,3-4,Tennessee Titans,,Los Angeles Chargers,0,1,0,23,20,22,403,306,97,1,24,365,326,39,1,0,0,0,0,0,0,1,0,0,0,0,0,0,0,0,0,0,0,0,0,0
W8S2019,8,2019,Sun,27-Oct,1:00PM ET,W,,4-4,Tennessee Titans,,Tampa Bay Buccaneers,0,1,0,27,23,16,246,174,72,1,23,389,283,106,4,0,0,0,0,0,0,0,1,0,0,0,0,0,0,0,0,0,0,0,0,0
W9S2019,9,2019,Sun,3-Nov,1:00PM ET,L,,4-5,Tennessee Titans,@,Carolina Panthers,1,0,0,20,30,24,431,310,121,3,22,370,214,156,1,0,0,0,0,0,0,0,0,1,0,0,0,0,0,0,0,0,0,0,0,0
W10S2019,10,2019,Sun,10-Nov,1:00PM ET,W,,5-5,Tennessee Titans,,Kansas City Chiefs,0,1,0,35,32,19,371,146,225,1,28,530,433,97,1,0,0,0,0,0,0,0,0,0,1,0,0,0,0,0,0,0,0,0,0,0
W12S2019,12,2019,Sun,24-Nov,4:05PM ET,W,,6-5,Tennessee Titans,,Jacksonville Jaguars,0,1,0,42,20,21,471,252,219,2,23,369,252,117,1,0,0,0,0,0,0,0,0,0,0,0,1,0,0,0,0,0,0,0,0,0
W13S2019,13,2019,Sun,1-Dec,1:00PM ET,W,,7-5,Tennessee Titans,@,Indianapolis Colts,1,1,0,31,17,15,292,138,154,2,22,391,309,82,3,0,0,0,0,0,0,0,0,0,0,0,0,1,0,0,0,0,0,0,0,0
W14S2019,14,2019,Sun,8-Dec,4:25PM ET,W,,8-5,Tennessee Titans,@,Oakland Raiders,1,1,0,42,21,26,552,391,161,1,22,355,258,97,1,0,0,0,0,0,0,0,0,0,0,0,0,0,1,0,0,0,0,0,0,0
W15S2019,15,2019,Sun,15-Dec,1:00PM ET,L,,8-6,Tennessee Titans,,Houston Texans,0,0,0,21,24,24,432,269,163,1,23,374,234,140,2,0,0,0,0,0,0,0,0,0,0,0,0,0,0,1,0,0,0,0,0,0
W16S2019,16,2019,Sun,22-Dec,1:00PM ET,L,,8-7,Tennessee Titans,,New Orleans Saints,0,0,0,28,38,17,397,248,149,1,23,377,275,102,0,0,0,0,0,0,0,0,0,0,0,0,0,0,0,0,1,0,0,0,0,0
W17S2019,17,2019,Sun,29-Dec,4:25PM ET,W,,9-7,Tennessee Titans,@,Houston Texans,1,1,0,35,14,25,467,222,245,0,20,301,192,109,1,0,0,0,0,0,0,0,0,0,0,0,0,0,0,0,0,1,0,0,0,0
Wild CardS2019,Wild Card,2019,Sat,4-Jan,8:15PM ET,W,,10-7,Tennessee Titans,@,New England Patriots,1,1,0,20,13,19,272,71,201,1,18,307,209,98,2,0,0,0,0,0,0,0,0,0,0,0,0,0,0,0,0,0,1,0,0,0
DivisionS2019,Division,2019,Sat,11-Jan,8:15PM ET,W,,11-7,Tennessee Titans,@,Baltimore Ravens,1,1,0,28,12,15,300,83,217,0,29,530,345,185,3,0,0,0,0,0,0,0,0,0,0,0,0,0,0,0,0,0,0,1,0,0
Conf. Champ.S2019,Conf. Champ.,2019,Sun,19-Jan,3:05PM ET,L,,11-8,Tennessee Titans,@,Kansas City Chiefs,1,0,0,24,35,20,295,210,85,0,27,404,292,112,0,0,0,0,0,0,0,0,0,0,0,0,0,0,0,0,0,0,0,0,1,0
W1S2019,1,2019,Mon,9-Sep,7:10PM ET,L,,0-1,Houston Texans,@,New Orleans Saints,1,0,0,28,30,22,414,234,180,1,25,510,362,148,1,1,0,0,0,0,0,0,0,0,0,0,0,0,0,0,0,0,0,0,0,0
W2S2019,2,2019,Sun,15-Sep,1:00PM ET,W,,1-1,Houston Texans,,Jacksonville Jaguars,0,1,0,13,12,17,263,137,126,0,16,281,178,103,1,0,1,0,0,0,0,0,0,0,0,0,0,0,0,0,0,0,0,0,0,0
W3S2019,3,2019,Sun,22-Sep,4:25PM ET,W,,2-1,Houston Texans,@,Los Angeles Chargers,1,1,0,27,20,20,376,337,39,1,22,366,293,73,1,0,0,1,0,0,0,0,0,0,0,0,0,0,0,0,0,0,0,0,0,0
W4S2019,4,2019,Sun,29-Sep,1:00PM ET,L,,2-2,Houston Texans,,Carolina Panthers,0,0,0,10,16,18,264,128,136,2,19,297,203,94,3,0,0,0,1,0,0,0,0,0,0,0,0,0,0,0,0,0,0,0,0,0
W5S2019,5,2019,Sun,6-Oct,1:00PM ET,W,,3-2,Houston Texans,,Atlanta Falcons,0,1,0,53,32,31,592,426,166,1,22,373,316,57,1,0,0,0,0,1,0,0,0,0,0,0,0,0,0,0,0,0,0,0,0,0
W6S2019,6,2019,Sun,13-Oct,1:00PM ET,W,,4-2,Houston Texans,@,Kansas City Chiefs,1,1,0,31,24,35,472,280,192,3,20,309,256,53,2,0,0,0,0,0,1,0,0,0,0,0,0,0,0,0,0,0,0,0,0,0
W7S2019,7,2019,Sun,20-Oct,1:00PM ET,L,,4-3,Houston Texans,@,Indianapolis Colts,1,0,0,23,30,21,391,291,100,2,23,383,321,62,1,0,0,0,0,0,0,1,0,0,0,0,0,0,0,0,0,0,0,0,0,0
W8S2019,8,2019,Sun,27-Oct,4:25PM ET,W,,5-3,Houston Texans,,Oakland Raiders,0,1,0,27,24,29,388,258,130,0,15,378,285,93,0,0,0,0,0,0,0,0,1,0,0,0,0,0,0,0,0,0,0,0,0,0
W9S2019,9,2019,Sun,3-Nov,9:30AM ET,W,,6-3,Houston Texans,@,Jacksonville Jaguars,1,1,0,26,3,21,410,194,216,1,21,356,282,74,4,0,0,0,0,0,0,0,0,1,0,0,0,0,0,0,0,0,0,0,0,0
W11S2019,11,2019,Sun,17-Nov,1:00PM ET,L,,6-4,Houston Texans,@,Baltimore Ravens,1,0,0,7,41,16,232,110,122,2,25,491,235,256,0,0,0,0,0,0,0,0,0,0,0,1,0,0,0,0,0,0,0,0,0,0
W12S2019,12,2019,Thu,21-Nov,8:20PM ET,W,,7-4,Houston Texans,,Indianapolis Colts,0,1,0,20,17,16,396,297,99,1,19,296,121,175,0,0,0,0,0,0,0,0,0,0,0,0,1,0,0,0,0,0,0,0,0,0
W13S2019,13,2019,Sun,1-Dec,8:20PM ET,W,,8-4,Houston Texans,,New England Patriots,0,1,0,28,22,16,276,224,52,0,29,448,303,145,1,0,0,0,0,0,0,0,0,0,0,0,0,1,0,0,0,0,0,0,0,0
W14S2019,14,2019,Sun,8-Dec,1:00PM ET,L,,8-5,Houston Texans,,Denver Broncos,0,0,0,24,38,26,414,280,134,3,22,391,301,90,1,0,0,0,0,0,0,0,0,0,0,0,0,0,1,0,0,0,0,0,0,0
W15S2019,15,2019,Sun,15-Dec,1:00PM ET,W,,9-5,Houston Texans,@,Tennessee Titans,1,1,0,24,21,23,374,234,140,2,24,432,269,163,1,0,0,0,0,0,0,0,0,0,0,0,0,0,0,1,0,0,0,0,0,0
W16S2019,16,2019,Sat,21-Dec,1:00PM ET,W,,10-5,Houston Texans,@,Tampa Bay Buccaneers,1,1,0,23,20,15,229,161,68,2,19,435,329,106,5,0,0,0,0,0,0,0,0,0,0,0,0,0,0,0,1,0,0,0,0,0
W17S2019,17,2019,Sun,29-Dec,4:25PM ET,L,,10-6,Houston Texans,,Tennessee Titans,0,0,0,14,35,20,301,192,109,1,25,467,222,245,0,0,0,0,0,0,0,0,0,0,0,0,0,0,0,0,0,1,0,0,0,0
Wild CardS2019,Wild Card,2019,Sat,4-Jan,4:35PM ET,W,OT,11-6,Houston Texans,,Buffalo Bills,0,1,0,22,19,19,360,219,141,1,24,425,253,172,1,0,0,0,0,0,0,0,0,0,0,0,0,0,0,0,0,0,1,0,0,0
DivisionS2019,Division,2019,Sun,12-Jan,3:05PM ET,L,,11-7,Houston Texans,@,Kansas City Chiefs,1,0,0,31,51,23,442,348,94,1,29,434,316,118,1,0,0,0,0,0,0,0,0,0,0,0,0,0,0,0,0,0,0,1,0,0
W1S2019,1,2019,Sun,8-Sep,8:20PM ET,L,,0-1,Pittsburgh Steelers,@,New England Patriots,1,0,0,3,33,15,308,276,32,1,24,465,366,99,0,1,0,0,0,0,0,0,0,0,0,0,0,0,0,0,0,0,0,0,0,0
W2S2019,2,2019,Sun,15-Sep,1:00PM ET,L,,0-2,Pittsburgh Steelers,,Seattle Seahawks,0,0,0,26,28,17,261,180,81,1,25,425,274,151,2,0,1,0,0,0,0,0,0,0,0,0,0,0,0,0,0,0,0,0,0,0
W3S2019,3,2019,Sun,22-Sep,4:25PM ET,L,,0-3,Pittsburgh Steelers,@,San Francisco 49ers,1,0,0,20,24,11,239,160,79,2,26,436,268,168,5,0,0,1,0,0,0,0,0,0,0,0,0,0,0,0,0,0,0,0,0,0
W4S2019,4,2019,Mon,30-Sep,8:15PM ET,W,,1-3,Pittsburgh Steelers,,Cincinnati Bengals,0,1,0,27,3,20,326,260,66,1,16,175,102,73,2,0,0,0,1,0,0,0,0,0,0,0,0,0,0,0,0,0,0,0,0,0
W5S2019,5,2019,Sun,6-Oct,1:00PM ET,L,OT,1-4,Pittsburgh Steelers,,Baltimore Ravens,0,0,0,23,26,18,269,192,77,2,22,277,139,138,3,0,0,0,0,1,0,0,0,0,0,0,0,0,0,0,0,0,0,0,0,0
W6S2019,6,2019,Sun,13-Oct,8:20PM ET,W,,2-4,Pittsburgh Steelers,@,Los Angeles Chargers,1,1,0,24,17,18,256,132,124,1,23,348,316,32,3,0,0,0,0,0,1,0,0,0,0,0,0,0,0,0,0,0,0,0,0,0
W8S2019,8,2019,Mon,28-Oct,8:15PM ET,W,,3-4,Pittsburgh Steelers,,Miami Dolphins,0,1,0,27,14,21,394,236,158,1,16,230,170,60,4,0,0,0,0,0,0,0,1,0,0,0,0,0,0,0,0,0,0,0,0,0
W9S2019,9,2019,Sun,3-Nov,1:00PM ET,W,,4-4,Pittsburgh Steelers,,Indianapolis Colts,0,1,0,26,24,17,273,183,90,2,22,328,189,139,3,0,0,0,0,0,0,0,0,1,0,0,0,0,0,0,0,0,0,0,0,0
W10S2019,10,2019,Sun,10-Nov,4:25PM ET,W,,5-4,Pittsburgh Steelers,,Los Angeles Rams,0,1,0,17,12,15,273,231,42,2,16,306,218,88,4,0,0,0,0,0,0,0,0,0,1,0,0,0,0,0,0,0,0,0,0,0
W11S2019,11,2019,Thu,14-Nov,8:20PM ET,L,,5-5,Pittsburgh Steelers,@,Cleveland Browns,1,0,0,7,21,18,236,178,58,4,17,293,189,104,0,0,0,0,0,0,0,0,0,0,0,1,0,0,0,0,0,0,0,0,0,0
W12S2019,12,2019,Sun,24-Nov,1:00PM ET,W,,6-5,Pittsburgh Steelers,@,Cincinnati Bengals,1,1,0,16,10,16,338,179,159,1,11,244,158,86,2,0,0,0,0,0,0,0,0,0,0,0,1,0,0,0,0,0,0,0,0,0
W13S2019,13,2019,Sun,1-Dec,1:00PM ET,W,,7-5,Pittsburgh Steelers,,Cleveland Browns,0,1,0,20,13,18,323,199,124,1,19,279,173,106,2,0,0,0,0,0,0,0,0,0,0,0,0,1,0,0,0,0,0,0,0,0
W14S2019,14,2019,Sun,8-Dec,4:25PM ET,W,,8-5,Pittsburgh Steelers,@,Arizona Cardinals,1,1,0,23,17,20,275,135,140,2,17,236,165,71,3,0,0,0,0,0,0,0,0,0,0,0,0,0,1,0,0,0,0,0,0,0
W15S2019,15,2019,Sun,15-Dec,8:20PM ET,L,,8-6,Pittsburgh Steelers,,Buffalo Bills,0,0,0,10,17,15,229,178,51,5,17,261,131,130,2,0,0,0,0,0,0,0,0,0,0,0,0,0,0,1,0,0,0,0,0,0
W16S2019,16,2019,Sun,22-Dec,1:00PM ET,L,,8-7,Pittsburgh Steelers,@,New York Jets,1,0,0,10,16,16,260,185,75,2,14,259,174,85,1,0,0,0,0,0,0,0,0,0,0,0,0,0,0,0,1,0,0,0,0,0
W17S2019,17,2019,Sun,29-Dec,4:25PM ET,L,,8-8,Pittsburgh Steelers,@,Baltimore Ravens,1,0,0,10,28,10,168,77,91,2,19,304,81,223,2,0,0,0,0,0,0,0,0,0,0,0,0,0,0,0,0,1,0,0,0,0
W1S2019,1,2019,Sun,8-Sep,4:05PM ET,W,,1-0,Seattle Seahawks,,Cincinnati Bengals,0,1,0,21,20,12,232,160,72,1,22,429,395,34,3,1,0,0,0,0,0,0,0,0,0,0,0,0,0,0,0,0,0,0,0,0
W2S2019,2,2019,Sun,15-Sep,1:00PM ET,W,,2-0,Seattle Seahawks,@,Pittsburgh Steelers,1,1,0,28,26,25,425,274,151,2,17,261,180,81,1,0,1,0,0,0,0,0,0,0,0,0,0,0,0,0,0,0,0,0,0,0
W3S2019,3,2019,Sun,22-Sep,4:25PM ET,L,,2-1,Seattle Seahawks,,New Orleans Saints,0,0,0,27,33,26,514,406,108,1,15,265,177,88,1,0,0,1,0,0,0,0,0,0,0,0,0,0,0,0,0,0,0,0,0,0
W4S2019,4,2019,Sun,29-Sep,4:05PM ET,W,,3-1,Seattle Seahawks,@,Arizona Cardinals,1,1,0,27,10,21,340,225,115,0,20,321,206,115,1,0,0,0,1,0,0,0,0,0,0,0,0,0,0,0,0,0,0,0,0,0
W5S2019,5,2019,Thu,3-Oct,8:20PM ET,W,,4-1,Seattle Seahawks,,Los Angeles Rams,0,1,0,30,29,25,429,262,167,1,24,477,395,82,2,0,0,0,0,1,0,0,0,0,0,0,0,0,0,0,0,0,0,0,0,0
W6S2019,6,2019,Sun,13-Oct,1:00PM ET,W,,5-1,Seattle Seahawks,@,Cleveland Browns,1,1,0,32,28,29,454,284,170,1,21,406,249,157,4,0,0,0,0,0,1,0,0,0,0,0,0,0,0,0,0,0,0,0,0,0
W7S2019,7,2019,Sun,20-Oct,4:25PM ET,L,,5-2,Seattle Seahawks,,Baltimore Ravens,0,0,0,16,30,20,347,241,106,2,14,340,141,199,0,0,0,0,0,0,0,1,0,0,0,0,0,0,0,0,0,0,0,0,0,0
W8S2019,8,2019,Sun,27-Oct,1:00PM ET,W,,6-2,Seattle Seahawks,@,Atlanta Falcons,1,1,0,27,20,18,322,171,151,0,30,510,441,69,3,0,0,0,0,0,0,0,1,0,0,0,0,0,0,0,0,0,0,0,0,0
W9S2019,9,2019,Sun,3-Nov,4:05PM ET,W,OT,7-2,Seattle Seahawks,,Tampa Bay Buccaneers,0,1,0,40,34,31,492,347,145,1,29,418,319,99,1,0,0,0,0,0,0,0,0,1,0,0,0,0,0,0,0,0,0,0,0,0
W10S2019,10,2019,Mon,11-Nov,8:15PM ET,W,OT,8-2,Seattle Seahawks,@,San Francisco 49ers,1,1,0,27,24,19,336,189,147,4,21,302,215,87,3,0,0,0,0,0,0,0,0,0,1,0,0,0,0,0,0,0,0,0,0,0
W12S2019,12,2019,Sun,24-Nov,1:00PM ET,W,,9-2,Seattle Seahawks,@,Philadelphia Eagles,1,1,0,17,9,14,348,174,174,2,23,344,238,106,5,0,0,0,0,0,0,0,0,0,0,0,1,0,0,0,0,0,0,0,0,0
W13S2019,13,2019,Mon,2-Dec,8:15PM ET,W,,10-2,Seattle Seahawks,,Minnesota Vikings,0,1,0,37,30,24,444,226,218,2,17,354,276,78,3,0,0,0,0,0,0,0,0,0,0,0,0,1,0,0,0,0,0,0,0,0
W14S2019,14,2019,Sun,8-Dec,8:20PM ET,L,,10-3,Seattle Seahawks,@,Los Angeles Rams,1,0,0,12,28,16,308,202,106,1,26,455,293,162,2,0,0,0,0,0,0,0,0,0,0,0,0,0,1,0,0,0,0,0,0,0
W15S2019,15,2019,Sun,15-Dec,1:00PM ET,W,,11-3,Seattle Seahawks,@,Carolina Panthers,1,1,0,30,24,21,428,274,154,1,28,414,269,145,3,0,0,0,0,0,0,0,0,0,0,0,0,0,0,1,0,0,0,0,0,0
W16S2019,16,2019,Sun,22-Dec,4:25PM ET,L,,11-4,Seattle Seahawks,,Arizona Cardinals,0,0,0,13,27,13,224,133,91,1,21,412,159,253,0,0,0,0,0,0,0,0,0,0,0,0,0,0,0,0,1,0,0,0,0,0
W17S2019,17,2019,Sun,29-Dec,8:20PM ET,L,,11-5,Seattle Seahawks,,San Francisco 49ers,0,0,0,21,26,27,348,223,125,0,18,398,270,128,0,0,0,0,0,0,0,0,0,0,0,0,0,0,0,0,0,1,0,0,0,0
Wild CardS2019,Wild Card,2019,Sun,5-Jan,4:40PM ET,W,,12-5,Seattle Seahawks,@,Philadelphia Eagles,1,1,0,17,9,16,382,318,64,0,20,282,162,120,0,0,0,0,0,0,0,0,0,0,0,0,0,0,0,0,0,0,1,0,0,0
DivisionS2019,Division,2019,Sun,12-Jan,6:40PM ET,L,,12-6,Seattle Seahawks,@,Green Bay Packers,1,0,0,23,28,23,375,265,110,0,22,344,235,109,0,0,0,0,0,0,0,0,0,0,0,0,0,0,0,0,0,0,0,1,0,0
W1S2019,1,2019,Mon,9-Sep,7:10PM ET,W,,1-0,New Orleans Saints,,Houston Texans,0,1,0,30,28,25,510,362,148,1,22,414,234,180,1,1,0,0,0,0,0,0,0,0,0,0,0,0,0,0,0,0,0,0,0,0
W2S2019,2,2019,Sun,15-Sep,4:25PM ET,L,,1-1,New Orleans Saints,@,Los Angeles Rams,1,0,0,9,27,15,244,187,57,1,20,380,265,115,1,0,1,0,0,0,0,0,0,0,0,0,0,0,0,0,0,0,0,0,0,0
W3S2019,3,2019,Sun,22-Sep,4:25PM ET,W,,2-1,New Orleans Saints,@,Seattle Seahawks,1,1,0,33,27,15,265,177,88,1,26,514,406,108,1,0,0,1,0,0,0,0,0,0,0,0,0,0,0,0,0,0,0,0,0,0
W4S2019,4,2019,Sun,29-Sep,8:20PM ET,W,,3-1,New Orleans Saints,,Dallas Cowboys,0,1,0,12,10,18,266,149,117,1,15,257,212,45,3,0,0,0,1,0,0,0,0,0,0,0,0,0,0,0,0,0,0,0,0,0
W5S2019,5,2019,Sun,6-Oct,1:00PM ET,W,,4-1,New Orleans Saints,,Tampa Bay Buccaneers,0,1,0,31,24,25,457,345,112,1,19,252,158,94,0,0,0,0,0,1,0,0,0,0,0,0,0,0,0,0,0,0,0,0,0,0
W6S2019,6,2019,Sun,13-Oct,1:00PM ET,W,,5-1,New Orleans Saints,@,Jacksonville Jaguars,1,1,0,13,6,18,326,222,104,0,11,226,151,75,1,0,0,0,0,0,1,0,0,0,0,0,0,0,0,0,0,0,0,0,0,0
W7S2019,7,2019,Sun,20-Oct,4:25PM ET,W,,6-1,New Orleans Saints,@,Chicago Bears,1,1,0,36,25,24,424,273,151,0,16,252,235,17,2,0,0,0,0,0,0,1,0,0,0,0,0,0,0,0,0,0,0,0,0,0
W8S2019,8,2019,Sun,27-Oct,1:00PM ET,W,,7-1,New Orleans Saints,,Arizona Cardinals,0,1,0,31,9,28,510,373,137,1,10,237,197,40,0,0,0,0,0,0,0,0,1,0,0,0,0,0,0,0,0,0,0,0,0,0
W10S2019,10,2019,Sun,10-Nov,1:00PM ET,L,,7-2,New Orleans Saints,,Atlanta Falcons,0,0,0,9,26,18,310,258,52,0,24,317,174,143,1,0,0,0,0,0,0,0,0,0,1,0,0,0,0,0,0,0,0,0,0,0
W11S2019,11,2019,Sun,17-Nov,1:00PM ET,W,,8-2,New Orleans Saints,@,Tampa Bay Buccaneers,1,1,0,34,17,21,328,219,109,0,21,334,298,36,4,0,0,0,0,0,0,0,0,0,0,1,0,0,0,0,0,0,0,0,0,0
W12S2019,12,2019,Sun,24-Nov,1:00PM ET,W,,9-2,New Orleans Saints,,Carolina Panthers,0,1,0,34,31,23,418,300,118,1,26,351,230,121,1,0,0,0,0,0,0,0,0,0,0,0,1,0,0,0,0,0,0,0,0,0
W13S2019,13,2019,Thu,28-Nov,8:20PM ET,W,,10-2,New Orleans Saints,@,Atlanta Falcons,1,1,0,26,18,14,279,184,95,0,27,348,259,89,3,0,0,0,0,0,0,0,0,0,0,0,0,1,0,0,0,0,0,0,0,0
W14S2019,14,2019,Sun,8-Dec,1:00PM ET,L,,10-3,New Orleans Saints,,San Francisco 49ers,0,0,0,46,48,28,465,349,116,1,25,516,354,162,1,0,0,0,0,0,0,0,0,0,0,0,0,0,1,0,0,0,0,0,0,0
W15S2019,15,2019,Mon,16-Dec,8:15PM ET,W,,11-3,New Orleans Saints,,Indianapolis Colts,0,1,0,34,7,27,424,307,117,0,16,205,159,46,0,0,0,0,0,0,0,0,0,0,0,0,0,0,0,1,0,0,0,0,0,0
W16S2019,16,2019,Sun,22-Dec,1:00PM ET,W,,12-3,New Orleans Saints,@,Tennessee Titans,1,1,0,38,28,23,377,275,102,0,17,397,248,149,1,0,0,0,0,0,0,0,0,0,0,0,0,0,0,0,1,0,0,0,0,0
W17S2019,17,2019,Sun,29-Dec,1:00PM ET,W,,13-3,New Orleans Saints,@,Carolina Panthers,1,1,0,42,10,25,379,264,115,0,16,329,288,41,3,0,0,0,0,0,0,0,0,0,0,0,0,0,0,0,0,1,0,0,0,0
Wild CardS2019,Wild Card,2019,Sun,5-Jan,1:05PM ET,L,OT,13-4,New Orleans Saints,,Minnesota Vikings,0,0,0,20,26,19,324,227,97,2,22,362,226,136,1,0,0,0,0,0,0,0,0,0,0,0,0,0,0,0,0,0,1,0,0,0
W1S2019,1,2019,Sun,8-Sep,4:25PM ET,W,,1-0,San Francisco 49ers,@,Tampa Bay Buccaneers,1,1,0,31,17,17,256,158,98,2,21,295,174,121,4,1,0,0,0,0,0,0,0,0,0,0,0,0,0,0,0,0,0,0,0,0
W2S2019,2,2019,Sun,15-Sep,1:00PM ET,W,,2-0,San Francisco 49ers,@,Cincinnati Bengals,1,1,0,41,17,27,571,312,259,1,14,316,291,25,1,0,1,0,0,0,0,0,0,0,0,0,0,0,0,0,0,0,0,0,0,0
W3S2019,3,2019,Sun,22-Sep,4:25PM ET,W,,3-0,San Francisco 49ers,,Pittsburgh Steelers,0,1,0,24,20,26,436,268,168,5,11,239,160,79,2,0,0,1,0,0,0,0,0,0,0,0,0,0,0,0,0,0,0,0,0,0
W5S2019,5,2019,Mon,7-Oct,8:15PM ET,W,,4-0,San Francisco 49ers,,Cleveland Browns,0,1,0,31,3,22,446,171,275,0,9,180,78,102,4,0,0,0,0,1,0,0,0,0,0,0,0,0,0,0,0,0,0,0,0,0
W6S2019,6,2019,Sun,13-Oct,4:05PM ET,W,,5-0,San Francisco 49ers,@,Los Angeles Rams,1,1,0,20,7,22,331,232,99,2,10,157,48,109,1,0,0,0,0,0,1,0,0,0,0,0,0,0,0,0,0,0,0,0,0,0
W7S2019,7,2019,Sun,20-Oct,1:00PM ET,W,,6-0,San Francisco 49ers,@,Washington Redskins,1,1,0,9,0,17,283,146,137,1,10,154,50,104,1,0,0,0,0,0,0,1,0,0,0,0,0,0,0,0,0,0,0,0,0,0
W8S2019,8,2019,Sun,27-Oct,4:05PM ET,W,,7-0,San Francisco 49ers,,Carolina Panthers,0,1,0,51,13,24,388,156,232,1,12,230,100,130,3,0,0,0,0,0,0,0,1,0,0,0,0,0,0,0,0,0,0,0,0,0
W9S2019,9,2019,Thu,31-Oct,8:20PM ET,W,,8-0,San Francisco 49ers,@,Arizona Cardinals,1,1,0,28,25,21,411,310,101,0,19,357,204,153,0,0,0,0,0,0,0,0,0,1,0,0,0,0,0,0,0,0,0,0,0,0
W10S2019,10,2019,Mon,11-Nov,8:15PM ET,L,OT,8-1,San Francisco 49ers,,Seattle Seahawks,0,0,0,24,27,21,302,215,87,3,19,336,189,147,4,0,0,0,0,0,0,0,0,0,1,0,0,0,0,0,0,0,0,0,0,0
W11S2019,11,2019,Sun,17-Nov,4:05PM ET,W,,9-1,San Francisco 49ers,,Arizona Cardinals,0,1,0,36,26,26,442,408,34,2,21,266,131,135,2,0,0,0,0,0,0,0,0,0,0,1,0,0,0,0,0,0,0,0,0,0
W12S2019,12,2019,Sun,24-Nov,8:20PM ET,W,,10-1,San Francisco 49ers,,Green Bay Packers,0,1,0,37,8,16,339,227,112,0,19,198,81,117,1,0,0,0,0,0,0,0,0,0,0,0,1,0,0,0,0,0,0,0,0,0
W13S2019,13,2019,Sun,1-Dec,1:00PM ET,L,,10-2,San Francisco 49ers,@,Baltimore Ravens,1,0,0,17,20,15,331,157,174,1,21,283,105,178,1,0,0,0,0,0,0,0,0,0,0,0,0,1,0,0,0,0,0,0,0,0
W14S2019,14,2019,Sun,8-Dec,1:00PM ET,W,,11-2,San Francisco 49ers,@,New Orleans Saints,1,1,0,48,46,25,516,354,162,1,28,465,349,116,1,0,0,0,0,0,0,0,0,0,0,0,0,0,1,0,0,0,0,0,0,0
W15S2019,15,2019,Sun,15-Dec,4:25PM ET,L,,11-3,San Francisco 49ers,,Atlanta Falcons,0,0,0,22,29,20,313,193,120,2,20,290,201,89,1,0,0,0,0,0,0,0,0,0,0,0,0,0,0,1,0,0,0,0,0,0
W16S2019,16,2019,Sat,21-Dec,8:15PM ET,W,,12-3,San Francisco 49ers,,Los Angeles Rams,0,1,0,34,31,19,334,215,119,2,24,395,323,72,1,0,0,0,0,0,0,0,0,0,0,0,0,0,0,0,1,0,0,0,0,0
W17S2019,17,2019,Sun,29-Dec,8:20PM ET,W,,13-3,San Francisco 49ers,@,Seattle Seahawks,1,1,0,26,21,18,398,270,128,0,27,348,223,125,0,0,0,0,0,0,0,0,0,0,0,0,0,0,0,0,0,1,0,0,0,0
DivisionS2019,Division,2019,Sat,11-Jan,4:35PM ET,W,,14-3,San Francisco 49ers,,Minnesota Vikings,0,1,0,27,10,21,308,122,186,2,7,147,126,21,2,0,0,0,0,0,0,0,0,0,0,0,0,0,0,0,0,0,0,1,0,0
Conf. Champ.S2019,Conf. Champ.,2019,Sun,19-Jan,6:40PM ET,W,,15-3,San Francisco 49ers,,Green Bay Packers,0,1,0,37,20,19,354,69,285,0,21,358,296,62,3,0,0,0,0,0,0,0,0,0,0,0,0,0,0,0,0,0,0,0,1,0
SuperBowlS2019,SuperBowl,2019,Sun,2-Feb,6:30PM ET,L,,15-4,San Francisco 49ers,@,Kansas City Chiefs,1,0,0,20,31,21,351,210,141,2,26,397,268,129,2,0,0,0,0,0,0,0,0,0,0,0,0,0,0,0,0,0,0,0,0,0
W1S2019,1,2019,Sun,8-Sep,1:00PM ET,W,,1-0,Baltimore Ravens,@,Miami Dolphins,1,1,0,59,10,31,643,378,265,0,12,200,179,21,3,1,0,0,0,0,0,0,0,0,0,0,0,0,0,0,0,0,0,0,0,0
W2S2019,2,2019,Sun,15-Sep,1:00PM ET,W,,2-0,Baltimore Ravens,,Arizona Cardinals,0,1,0,23,17,26,440,258,182,0,15,349,329,20,0,0,1,0,0,0,0,0,0,0,0,0,0,0,0,0,0,0,0,0,0,0
W3S2019,3,2019,Sun,22-Sep,1:00PM ET,L,,2-1,Baltimore Ravens,@,Kansas City Chiefs,1,0,0,28,33,29,452,249,203,0,27,503,363,140,0,0,0,1,0,0,0,0,0,0,0,0,0,0,0,0,0,0,0,0,0,0
W4S2019,4,2019,Sun,29-Sep,1:00PM ET,L,,2-2,Baltimore Ravens,,Cleveland Browns,0,0,0,25,40,24,395,222,173,3,22,530,337,193,1,0,0,0,1,0,0,0,0,0,0,0,0,0,0,0,0,0,0,0,0,0
W5S2019,5,2019,Sun,6-Oct,1:00PM ET,W,OT,3-2,Baltimore Ravens,@,Pittsburgh Steelers,1,1,0,26,23,22,277,139,138,3,18,269,192,77,2,0,0,0,0,1,0,0,0,0,0,0,0,0,0,0,0,0,0,0,0,0
W6S2019,6,2019,Sun,13-Oct,1:00PM ET,W,,4-2,Baltimore Ravens,,Cincinnati Bengals,0,1,0,23,17,26,497,228,269,1,18,250,217,33,1,0,0,0,0,0,1,0,0,0,0,0,0,0,0,0,0,0,0,0,0,0
W7S2019,7,2019,Sun,20-Oct,4:25PM ET,W,,5-2,Baltimore Ravens,@,Seattle Seahawks,1,1,0,30,16,14,340,141,199,0,20,347,241,106,2,0,0,0,0,0,0,1,0,0,0,0,0,0,0,0,0,0,0,0,0,0
W9S2019,9,2019,Sun,3-Nov,8:20PM ET,W,,6-2,Baltimore Ravens,,New England Patriots,0,1,0,37,20,26,372,162,210,2,22,342,268,74,2,0,0,0,0,0,0,0,0,1,0,0,0,0,0,0,0,0,0,0,0,0
W10S2019,10,2019,Sun,10-Nov,1:00PM ET,W,,7-2,Baltimore Ravens,@,Cincinnati Bengals,1,1,0,49,13,20,379,243,136,1,21,307,150,157,3,0,0,0,0,0,0,0,0,0,1,0,0,0,0,0,0,0,0,0,0,0
W11S2019,11,2019,Sun,17-Nov,1:00PM ET,W,,8-2,Baltimore Ravens,,Houston Texans,0,1,0,41,7,25,491,235,256,0,16,232,110,122,2,0,0,0,0,0,0,0,0,0,0,1,0,0,0,0,0,0,0,0,0,0
W12S2019,12,2019,Mon,25-Nov,8:15PM ET,W,,9-2,Baltimore Ravens,@,Los Angeles Rams,1,1,0,45,6,31,480,195,285,0,14,221,199,22,2,0,0,0,0,0,0,0,0,0,0,0,1,0,0,0,0,0,0,0,0,0
W13S2019,13,2019,Sun,1-Dec,1:00PM ET,W,,10-2,Baltimore Ravens,,San Francisco 49ers,0,1,0,20,17,21,283,105,178,1,15,331,157,174,1,0,0,0,0,0,0,0,0,0,0,0,0,1,0,0,0,0,0,0,0,0
W14S2019,14,2019,Sun,8-Dec,1:00PM ET,W,,11-2,Baltimore Ravens,@,Buffalo Bills,1,1,0,24,17,18,257,139,118,1,16,209,105,104,1,0,0,0,0,0,0,0,0,0,0,0,0,0,1,0,0,0,0,0,0,0
W15S2019,15,2019,Thu,12-Dec,8:20PM ET,W,,12-2,Baltimore Ravens,,New York Jets,0,1,0,42,21,23,430,212,218,0,13,310,207,103,2,0,0,0,0,0,0,0,0,0,0,0,0,0,0,1,0,0,0,0,0,0
W16S2019,16,2019,Sun,22-Dec,1:00PM ET,W,,13-2,Baltimore Ravens,@,Cleveland Browns,1,1,0,31,15,31,481,238,243,1,17,241,184,57,1,0,0,0,0,0,0,0,0,0,0,0,0,0,0,0,1,0,0,0,0,0
W17S2019,17,2019,Sun,29-Dec,4:25PM ET,W,,14-2,Baltimore Ravens,,Pittsburgh Steelers,0,1,0,28,10,19,304,81,223,2,10,168,77,91,2,0,0,0,0,0,0,0,0,0,0,0,0,0,0,0,0,1,0,0,0,0
DivisionS2019,Division,2019,Sat,11-Jan,8:15PM ET,L,,14-3,Baltimore Ravens,,Tennessee Titans,0,0,0,12,28,29,530,345,185,3,15,300,83,217,0,0,0,0,0,0,0,0,0,0,0,0,0,0,0,0,0,0,0,1,0,0
W1S2019,1,2019,Sun,8-Sep,1:00PM ET,W,,1-0,Los Angeles Rams,@,Carolina Panthers,1,1,0,30,27,22,349,183,166,1,21,343,216,127,3,1,0,0,0,0,0,0,0,0,0,0,0,0,0,0,0,0,0,0,0,0
W2S2019,2,2019,Sun,15-Sep,4:25PM ET,W,,2-0,Los Angeles Rams,,New Orleans Saints,0,1,0,27,9,20,380,265,115,1,15,244,187,57,1,0,1,0,0,0,0,0,0,0,0,0,0,0,0,0,0,0,0,0,0,0
W3S2019,3,2019,Sun,22-Sep,8:20PM ET,W,,3-0,Los Angeles Rams,@,Cleveland Browns,1,1,0,20,13,20,344,254,90,3,18,270,175,95,1,0,0,1,0,0,0,0,0,0,0,0,0,0,0,0,0,0,0,0,0,0
W4S2019,4,2019,Sun,29-Sep,4:05PM ET,L,,3-1,Los Angeles Rams,,Tampa Bay Buccaneers,0,0,0,40,55,36,518,490,28,4,27,464,376,88,1,0,0,0,1,0,0,0,0,0,0,0,0,0,0,0,0,0,0,0,0,0
W5S2019,5,2019,Thu,3-Oct,8:20PM ET,L,,3-2,Los Angeles Rams,@,Seattle Seahawks,1,0,0,29,30,24,477,395,82,2,25,429,262,167,1,0,0,0,0,1,0,0,0,0,0,0,0,0,0,0,0,0,0,0,0,0
W6S2019,6,2019,Sun,13-Oct,4:05PM ET,L,,3-3,Los Angeles Rams,,San Francisco 49ers,0,0,0,7,20,10,157,48,109,1,22,331,232,99,2,0,0,0,0,0,1,0,0,0,0,0,0,0,0,0,0,0,0,0,0,0
W7S2019,7,2019,Sun,20-Oct,1:00PM ET,W,,4-3,Los Angeles Rams,@,Atlanta Falcons,1,1,0,37,10,23,381,291,90,0,14,224,186,38,3,0,0,0,0,0,0,1,0,0,0,0,0,0,0,0,0,0,0,0,0,0
W8S2019,8,2019,Sun,27-Oct,1:00PM ET,W,,5-3,Los Angeles Rams,,Cincinnati Bengals,0,1,0,24,10,19,470,372,98,0,24,401,297,104,0,0,0,0,0,0,0,0,1,0,0,0,0,0,0,0,0,0,0,0,0,0
W10S2019,10,2019,Sun,10-Nov,4:25PM ET,L,,5-4,Los Angeles Rams,@,Pittsburgh Steelers,1,0,0,12,17,16,306,218,88,4,15,273,231,42,2,0,0,0,0,0,0,0,0,0,1,0,0,0,0,0,0,0,0,0,0,0
W11S2019,11,2019,Sun,17-Nov,8:20PM ET,W,,6-4,Los Angeles Rams,,Chicago Bears,0,1,0,17,7,13,283,173,110,2,17,267,193,74,1,0,0,0,0,0,0,0,0,0,0,1,0,0,0,0,0,0,0,0,0,0
W12S2019,12,2019,Mon,25-Nov,8:15PM ET,L,,6-5,Los Angeles Rams,,Baltimore Ravens,0,0,0,6,45,14,221,199,22,2,31,480,195,285,0,0,0,0,0,0,0,0,0,0,0,0,1,0,0,0,0,0,0,0,0,0
W13S2019,13,2019,Sun,1-Dec,4:05PM ET,W,,7-5,Los Angeles Rams,@,Arizona Cardinals,1,1,0,34,7,27,549,417,132,0,13,198,124,74,1,0,0,0,0,0,0,0,0,0,0,0,0,1,0,0,0,0,0,0,0,0
W14S2019,14,2019,Sun,8-Dec,8:20PM ET,W,,8-5,Los Angeles Rams,,Seattle Seahawks,0,1,0,28,12,26,455,293,162,2,16,308,202,106,1,0,0,0,0,0,0,0,0,0,0,0,0,0,1,0,0,0,0,0,0,0
W15S2019,15,2019,Sun,15-Dec,4:25PM ET,L,,8-6,Los Angeles Rams,@,Dallas Cowboys,1,0,0,21,44,23,289,267,22,1,25,475,212,263,0,0,0,0,0,0,0,0,0,0,0,0,0,0,0,1,0,0,0,0,0,0
W16S2019,16,2019,Sat,21-Dec,8:15PM ET,L,,8-7,Los Angeles Rams,@,San Francisco 49ers,1,0,0,31,34,24,395,323,72,1,19,334,215,119,2,0,0,0,0,0,0,0,0,0,0,0,0,0,0,0,1,0,0,0,0,0
W17S2019,17,2019,Sun,29-Dec,4:25PM ET,W,,9-7,Los Angeles Rams,,Arizona Cardinals,0,1,0,31,24,25,424,311,113,0,22,393,322,71,5,0,0,0,0,0,0,0,0,0,0,0,0,0,0,0,0,1,0,0,0,0
W1S2019,1,2019,Mon,9-Sep,10:20PM ET,W,,1-0,Las Vegas Raiders,,Denver Broncos,0,1,0,24,16,19,357,259,98,0,18,344,249,95,0,1,0,0,0,0,0,0,0,0,0,0,0,0,0,0,0,0,0,0,0,0
W2S2019,2,2019,Sun,15-Sep,4:05PM ET,L,,1-1,Las Vegas Raiders,,Kansas City Chiefs,0,0,0,10,28,19,307,178,129,2,24,467,436,31,1,0,1,0,0,0,0,0,0,0,0,0,0,0,0,0,0,0,0,0,0,0
W3S2019,3,2019,Sun,22-Sep,1:00PM ET,L,,1-2,Las Vegas Raiders,@,Minnesota Vikings,1,0,0,14,34,17,302,214,88,1,23,385,174,211,0,0,0,1,0,0,0,0,0,0,0,0,0,0,0,0,0,0,0,0,0,0
W4S2019,4,2019,Sun,29-Sep,1:00PM ET,W,,2-2,Las Vegas Raiders,@,Indianapolis Colts,1,1,0,31,24,21,377,189,188,1,22,346,265,81,2,0,0,0,1,0,0,0,0,0,0,0,0,0,0,0,0,0,0,0,0,0
W5S2019,5,2019,Sun,6-Oct,1:00PM ET,W,,3-2,Las Vegas Raiders,,Chicago Bears,0,1,0,24,21,25,398,229,169,2,15,236,194,42,2,0,0,0,0,1,0,0,0,0,0,0,0,0,0,0,0,0,0,0,0,0
W7S2019,7,2019,Sun,20-Oct,1:00PM ET,L,,3-3,Las Vegas Raiders,@,Green Bay Packers,1,0,0,24,42,21,484,329,155,2,22,481,421,60,0,0,0,0,0,0,0,1,0,0,0,0,0,0,0,0,0,0,0,0,0,0
W8S2019,8,2019,Sun,27-Oct,4:25PM ET,L,,3-4,Las Vegas Raiders,@,Houston Texans,1,0,0,24,27,15,378,285,93,0,29,388,258,130,0,0,0,0,0,0,0,0,1,0,0,0,0,0,0,0,0,0,0,0,0,0
W9S2019,9,2019,Sun,3-Nov,4:05PM ET,W,,4-4,Las Vegas Raiders,,Detroit Lions,0,1,0,31,24,25,450,279,171,0,26,473,383,90,2,0,0,0,0,0,0,0,0,1,0,0,0,0,0,0,0,0,0,0,0,0
W10S2019,10,2019,Thu,7-Nov,8:20PM ET,W,,5-4,Las Vegas Raiders,,Los Angeles Chargers,0,1,0,26,24,18,278,200,78,0,26,315,169,146,3,0,0,0,0,0,0,0,0,0,1,0,0,0,0,0,0,0,0,0,0,0
W11S2019,11,2019,Sun,17-Nov,4:25PM ET,W,,6-4,Las Vegas Raiders,,Cincinnati Bengals,0,1,0,17,10,20,386,273,113,2,16,246,73,173,2,0,0,0,0,0,0,0,0,0,0,1,0,0,0,0,0,0,0,0,0,0
W12S2019,12,2019,Sun,24-Nov,1:00PM ET,L,,6-5,Las Vegas Raiders,@,New York Jets,1,0,0,3,34,10,208,140,68,2,21,401,313,88,1,0,0,0,0,0,0,0,0,0,0,0,1,0,0,0,0,0,0,0,0,0
W13S2019,13,2019,Sun,1-Dec,4:25PM ET,L,,6-6,Las Vegas Raiders,@,Kansas City Chiefs,1,0,0,9,40,19,332,210,122,3,22,259,163,96,0,0,0,0,0,0,0,0,0,0,0,0,0,1,0,0,0,0,0,0,0,0
W14S2019,14,2019,Sun,8-Dec,4:25PM ET,L,,6-7,Las Vegas Raiders,,Tennessee Titans,0,0,0,21,42,22,355,258,97,1,26,552,391,161,1,0,0,0,0,0,0,0,0,0,0,0,0,0,1,0,0,0,0,0,0,0
W15S2019,15,2019,Sun,15-Dec,4:05PM ET,L,,6-8,Las Vegas Raiders,,Jacksonville Jaguars,0,0,0,16,20,27,364,236,128,0,17,262,185,77,0,0,0,0,0,0,0,0,0,0,0,0,0,0,0,1,0,0,0,0,0,0
W16S2019,16,2019,Sun,22-Dec,4:05PM ET,W,,7-8,Las Vegas Raiders,@,Los Angeles Chargers,1,1,0,24,17,19,366,267,99,0,21,284,265,19,0,0,0,0,0,0,0,0,0,0,0,0,0,0,0,0,1,0,0,0,0,0
W17S2019,17,2019,Sun,29-Dec,4:25PM ET,L,,7-9,Las Vegas Raiders,@,Denver Broncos,1,0,0,15,16,18,477,380,97,1,16,238,168,70,1,0,0,0,0,0,0,0,0,0,0,0,0,0,0,0,0,1,0,0,0,0
W1S2019,1,2019,Sun,8-Sep,8:20PM ET,W,,1-0,New England Patriots,,Pittsburgh Steelers,0,1,0,33,3,24,465,366,99,0,15,308,276,32,1,1,0,0,0,0,0,0,0,0,0,0,0,0,0,0,0,0,0,0,0,0
W2S2019,2,2019,Sun,15-Sep,1:00PM ET,W,,2-0,New England Patriots,@,Miami Dolphins,1,1,0,43,0,27,379,255,124,1,11,184,142,42,4,0,1,0,0,0,0,0,0,0,0,0,0,0,0,0,0,0,0,0,0,0
W3S2019,3,2019,Sun,22-Sep,1:00PM ET,W,,3-0,New England Patriots,,New York Jets,0,1,0,30,14,21,381,313,68,2,6,105,69,36,1,0,0,1,0,0,0,0,0,0,0,0,0,0,0,0,0,0,0,0,0,0
W4S2019,4,2019,Sun,29-Sep,1:00PM ET,W,,4-0,New England Patriots,@,Buffalo Bills,1,1,0,16,10,11,224,150,74,1,23,375,240,135,4,0,0,0,1,0,0,0,0,0,0,0,0,0,0,0,0,0,0,0,0,0
W5S2019,5,2019,Sun,6-Oct,1:00PM ET,W,,5-0,New England Patriots,@,Washington Redskins,1,1,0,33,7,23,442,312,130,1,11,223,78,145,2,0,0,0,0,1,0,0,0,0,0,0,0,0,0,0,0,0,0,0,0,0
W6S2019,6,2019,Thu,10-Oct,8:20PM ET,W,,6-0,New England Patriots,,New York Giants,0,1,0,35,14,27,427,313,114,2,10,213,161,52,4,0,0,0,0,0,1,0,0,0,0,0,0,0,0,0,0,0,0,0,0,0
W7S2019,7,2019,Mon,21-Oct,8:15PM ET,W,,7-0,New England Patriots,@,New York Jets,1,1,0,33,0,22,323,249,74,1,12,154,73,81,6,0,0,0,0,0,0,1,0,0,0,0,0,0,0,0,0,0,0,0,0,0
W8S2019,8,2019,Sun,27-Oct,4:25PM ET,W,,8-0,New England Patriots,,Cleveland Browns,0,1,0,27,13,19,318,239,79,0,15,310,151,159,3,0,0,0,0,0,0,0,1,0,0,0,0,0,0,0,0,0,0,0,0,0
W9S2019,9,2019,Sun,3-Nov,8:20PM ET,L,,8-1,New England Patriots,@,Baltimore Ravens,1,0,0,20,37,22,342,268,74,2,26,372,162,210,2,0,0,0,0,0,0,0,0,1,0,0,0,0,0,0,0,0,0,0,0,0
W11S2019,11,2019,Sun,17-Nov,4:25PM ET,W,,9-1,New England Patriots,@,Philadelphia Eagles,1,1,0,17,10,19,298,224,74,0,21,255,174,81,1,0,0,0,0,0,0,0,0,0,0,1,0,0,0,0,0,0,0,0,0,0
W12S2019,12,2019,Sun,24-Nov,4:25PM ET,W,,10-1,New England Patriots,,Dallas Cowboys,0,1,0,13,9,17,282,181,101,0,16,321,212,109,1,0,0,0,0,0,0,0,0,0,0,0,1,0,0,0,0,0,0,0,0,0
W13S2019,13,2019,Sun,1-Dec,8:20PM ET,L,,10-2,New England Patriots,@,Houston Texans,1,0,0,22,28,29,448,303,145,1,16,276,224,52,0,0,0,0,0,0,0,0,0,0,0,0,0,1,0,0,0,0,0,0,0,0
W14S2019,14,2019,Sun,8-Dec,4:25PM ET,L,,10-3,New England Patriots,,Kansas City Chiefs,0,0,0,16,23,17,278,184,94,1,20,346,271,75,2,0,0,0,0,0,0,0,0,0,0,0,0,0,1,0,0,0,0,0,0,0
W15S2019,15,2019,Sun,15-Dec,1:00PM ET,W,,11-3,New England Patriots,@,Cincinnati Bengals,1,1,0,34,13,19,291,116,175,0,19,315,151,164,5,0,0,0,0,0,0,0,0,0,0,0,0,0,0,1,0,0,0,0,0,0
W16S2019,16,2019,Sat,21-Dec,4:30PM ET,W,,12-3,New England Patriots,,Buffalo Bills,0,1,0,24,17,23,414,271,143,1,14,268,176,92,0,0,0,0,0,0,0,0,0,0,0,0,0,0,0,0,1,0,0,0,0,0
W17S2019,17,2019,Sun,29-Dec,1:00PM ET,L,,12-4,New England Patriots,,Miami Dolphins,0,0,0,24,27,18,352,217,135,2,26,389,326,63,0,0,0,0,0,0,0,0,0,0,0,0,0,0,0,0,0,1,0,0,0,0
Wild CardS2019,Wild Card,2019,Sat,4-Jan,8:15PM ET,L,,12-5,New England Patriots,,Tennessee Titans,0,0,0,13,20,18,307,209,98,2,19,272,71,201,1,0,0,0,0,0,0,0,0,0,0,0,0,0,0,0,0,0,1,0,0,0
W1S2019,1,2019,Sun,8-Sep,1:00PM ET,L,,0-1,Carolina Panthers,,Los Angeles Rams,0,0,0,27,30,21,343,216,127,3,22,349,183,166,1,1,0,0,0,0,0,0,0,0,0,0,0,0,0,0,0,0,0,0,0,0
W2S2019,2,2019,Thu,12-Sep,8:20PM ET,L,,0-2,Carolina Panthers,,Tampa Bay Buccaneers,0,0,0,14,20,20,352,313,39,1,16,289,189,100,0,0,1,0,0,0,0,0,0,0,0,0,0,0,0,0,0,0,0,0,0,0
W3S2019,3,2019,Sun,22-Sep,4:05PM ET,W,,1-2,Carolina Panthers,@,Arizona Cardinals,1,1,0,38,20,21,413,240,173,1,21,248,127,121,2,0,0,1,0,0,0,0,0,0,0,0,0,0,0,0,0,0,0,0,0,0
W4S2019,4,2019,Sun,29-Sep,1:00PM ET,W,,2-2,Carolina Panthers,@,Houston Texans,1,1,0,16,10,19,297,203,94,3,18,264,128,136,2,0,0,0,1,0,0,0,0,0,0,0,0,0,0,0,0,0,0,0,0,0
W5S2019,5,2019,Sun,6-Oct,1:00PM ET,W,,3-2,Carolina Panthers,,Jacksonville Jaguars,0,1,0,34,27,22,445,160,285,0,28,507,358,149,3,0,0,0,0,1,0,0,0,0,0,0,0,0,0,0,0,0,0,0,0,0
W6S2019,6,2019,Sun,13-Oct,9:30AM ET,W,,4-2,Carolina Panthers,@,Tampa Bay Buccaneers,1,1,0,37,26,17,268,209,59,1,23,407,365,42,7,0,0,0,0,0,1,0,0,0,0,0,0,0,0,0,0,0,0,0,0,0
W8S2019,8,2019,Sun,27-Oct,4:05PM ET,L,,4-3,Carolina Panthers,@,San Francisco 49ers,1,0,0,13,51,12,230,100,130,3,24,388,156,232,1,0,0,0,0,0,0,0,1,0,0,0,0,0,0,0,0,0,0,0,0,0
W9S2019,9,2019,Sun,3-Nov,1:00PM ET,W,,5-3,Carolina Panthers,,Tennessee Titans,0,1,0,30,20,22,370,214,156,1,24,431,310,121,3,0,0,0,0,0,0,0,0,1,0,0,0,0,0,0,0,0,0,0,0,0
W10S2019,10,2019,Sun,10-Nov,4:25PM ET,L,,5-4,Carolina Panthers,@,Green Bay Packers,1,0,0,16,24,26,401,281,120,2,23,388,225,163,0,0,0,0,0,0,0,0,0,0,1,0,0,0,0,0,0,0,0,0,0,0
W11S2019,11,2019,Sun,17-Nov,1:00PM ET,L,,5-5,Carolina Panthers,,Atlanta Falcons,0,0,0,3,29,17,347,270,77,4,20,349,295,54,0,0,0,0,0,0,0,0,0,0,0,1,0,0,0,0,0,0,0,0,0,0
W12S2019,12,2019,Sun,24-Nov,1:00PM ET,L,,5-6,Carolina Panthers,@,New Orleans Saints,1,0,0,31,34,26,351,230,121,1,23,418,300,118,1,0,0,0,0,0,0,0,0,0,0,0,1,0,0,0,0,0,0,0,0,0
W13S2019,13,2019,Sun,1-Dec,1:00PM ET,L,,5-7,Carolina Panthers,,Washington Redskins,0,0,0,21,29,22,278,213,65,2,20,362,114,248,0,0,0,0,0,0,0,0,0,0,0,0,0,1,0,0,0,0,0,0,0,0
W14S2019,14,2019,Sun,8-Dec,1:00PM ET,L,,5-8,Carolina Panthers,@,Atlanta Falcons,1,0,0,20,40,27,345,245,100,4,22,461,302,159,0,0,0,0,0,0,0,0,0,0,0,0,0,0,1,0,0,0,0,0,0,0
W15S2019,15,2019,Sun,15-Dec,1:00PM ET,L,,5-9,Carolina Panthers,,Seattle Seahawks,0,0,0,24,30,28,414,269,145,3,21,428,274,154,1,0,0,0,0,0,0,0,0,0,0,0,0,0,0,1,0,0,0,0,0,0
W16S2019,16,2019,Sun,22-Dec,1:00PM ET,L,,5-10,Carolina Panthers,@,Indianapolis Colts,1,0,0,6,38,19,286,199,87,3,25,324,106,218,0,0,0,0,0,0,0,0,0,0,0,0,0,0,0,0,1,0,0,0,0,0
W17S2019,17,2019,Sun,29-Dec,1:00PM ET,L,,5-11,Carolina Panthers,,New Orleans Saints,0,0,0,10,42,16,329,288,41,3,25,379,264,115,0,0,0,0,0,0,0,0,0,0,0,0,0,0,0,0,0,1,0,0,0,0
W1S2019,1,2019,Sun,8-Sep,4:25PM ET,T,OT,0-0-1,Detroit Lions,@,Arizona Cardinals,1,0,0,27,27,23,477,361,116,2,21,387,275,112,1,1,0,0,0,0,0,0,0,0,0,0,0,0,0,0,0,0,0,0,0,0
W2S2019,2,2019,Sun,15-Sep,1:00PM ET,W,,1-0-1,Detroit Lions,,Los Angeles Chargers,0,1,0,13,10,19,339,245,94,2,21,424,287,137,2,0,1,0,0,0,0,0,0,0,0,0,0,0,0,0,0,0,0,0,0,0
W3S2019,3,2019,Sun,22-Sep,1:00PM ET,W,,2-0-1,Detroit Lions,@,Philadelphia Eagles,1,1,0,27,24,16,287,201,86,0,22,373,246,127,2,0,0,1,0,0,0,0,0,0,0,0,0,0,0,0,0,0,0,0,0,0
W4S2019,4,2019,Sun,29-Sep,1:00PM ET,L,,2-1-1,Detroit Lions,,Kansas City Chiefs,0,0,0,30,34,29,447,261,186,2,29,438,315,123,3,0,0,0,1,0,0,0,0,0,0,0,0,0,0,0,0,0,0,0,0,0
W6S2019,6,2019,Mon,14-Oct,8:15PM ET,L,,2-2-1,Detroit Lions,@,Green Bay Packers,1,0,0,22,23,13,299,243,56,0,22,447,277,170,3,0,0,0,0,0,1,0,0,0,0,0,0,0,0,0,0,0,0,0,0,0
W7S2019,7,2019,Sun,20-Oct,1:00PM ET,L,,2-3-1,Detroit Lions,,Minnesota Vikings,0,0,0,30,42,26,433,352,81,1,32,504,338,166,0,0,0,0,0,0,0,1,0,0,0,0,0,0,0,0,0,0,0,0,0,0
W8S2019,8,2019,Sun,27-Oct,1:00PM ET,W,,3-3-1,Detroit Lions,,New York Giants,0,1,0,31,26,17,375,316,59,2,24,370,290,80,1,0,0,0,0,0,0,0,1,0,0,0,0,0,0,0,0,0,0,0,0,0
W9S2019,9,2019,Sun,3-Nov,4:05PM ET,L,,3-4-1,Detroit Lions,@,Oakland Raiders,1,0,0,24,31,26,473,383,90,2,25,450,279,171,0,0,0,0,0,0,0,0,0,1,0,0,0,0,0,0,0,0,0,0,0,0
W10S2019,10,2019,Sun,10-Nov,1:00PM ET,L,,3-5-1,Detroit Lions,@,Chicago Bears,1,0,0,13,20,21,357,259,98,1,13,226,145,81,0,0,0,0,0,0,0,0,0,0,1,0,0,0,0,0,0,0,0,0,0,0
W11S2019,11,2019,Sun,17-Nov,1:00PM ET,L,,3-6-1,Detroit Lions,,Dallas Cowboys,0,0,0,27,35,19,312,191,121,0,26,509,434,75,1,0,0,0,0,0,0,0,0,0,0,1,0,0,0,0,0,0,0,0,0,0
W12S2019,12,2019,Sun,24-Nov,1:00PM ET,L,,3-7-1,Detroit Lions,@,Washington Redskins,1,0,0,16,19,21,364,189,175,4,13,230,144,86,2,0,0,0,0,0,0,0,0,0,0,0,1,0,0,0,0,0,0,0,0,0
W13S2019,13,2019,Thu,28-Nov,12:30PM ET,L,,3-8-1,Detroit Lions,,Chicago Bears,0,0,0,20,24,19,364,259,105,1,22,419,331,88,1,0,0,0,0,0,0,0,0,0,0,0,0,1,0,0,0,0,0,0,0,0
W14S2019,14,2019,Sun,8-Dec,1:00PM ET,L,,3-9-1,Detroit Lions,@,Minnesota Vikings,1,0,0,7,20,18,231,161,70,2,22,354,234,120,0,0,0,0,0,0,0,0,0,0,0,0,0,0,1,0,0,0,0,0,0,0
W15S2019,15,2019,Sun,15-Dec,1:00PM ET,L,,3-10-1,Detroit Lions,,Tampa Bay Buccaneers,0,0,0,17,38,16,295,250,45,3,23,495,446,49,1,0,0,0,0,0,0,0,0,0,0,0,0,0,0,1,0,0,0,0,0,0
W16S2019,16,2019,Sun,22-Dec,4:05PM ET,L,,3-11-1,Detroit Lions,@,Denver Broncos,1,0,0,17,27,13,191,95,96,0,25,348,198,150,0,0,0,0,0,0,0,0,0,0,0,0,0,0,0,0,1,0,0,0,0,0
W17S2019,17,2019,Sun,29-Dec,1:00PM ET,L,,3-12-1,Detroit Lions,,Green Bay Packers,0,0,0,20,23,17,305,134,171,1,25,432,312,120,1,0,0,0,0,0,0,0,0,0,0,0,0,0,0,0,0,1,0,0,0,0
W1S2019,1,2019,Sun,8-Sep,1:00PM ET,L,,0-1,Jacksonville Jaguars,,Kansas City Chiefs,0,0,0,26,40,18,428,347,81,2,24,491,378,113,0,1,0,0,0,0,0,0,0,0,0,0,0,0,0,0,0,0,0,0,0,0
W2S2019,2,2019,Sun,15-Sep,1:00PM ET,L,,0-2,Jacksonville Jaguars,@,Houston Texans,1,0,0,12,13,16,281,178,103,1,17,263,137,126,0,0,1,0,0,0,0,0,0,0,0,0,0,0,0,0,0,0,0,0,0,0
W3S2019,3,2019,Thu,19-Sep,8:20PM ET,W,,1-2,Jacksonville Jaguars,,Tennessee Titans,0,1,0,20,7,12,292,204,88,0,21,340,249,91,1,0,0,1,0,0,0,0,0,0,0,0,0,0,0,0,0,0,0,0,0,0
W4S2019,4,2019,Sun,29-Sep,4:25PM ET,W,,2-2,Jacksonville Jaguars,@,Denver Broncos,1,1,0,26,24,25,455,186,269,0,19,371,303,68,1,0,0,0,1,0,0,0,0,0,0,0,0,0,0,0,0,0,0,0,0,0
W5S2019,5,2019,Sun,6-Oct,1:00PM ET,L,,2-3,Jacksonville Jaguars,@,Carolina Panthers,1,0,0,27,34,28,507,358,149,3,22,445,160,285,0,0,0,0,0,1,0,0,0,0,0,0,0,0,0,0,0,0,0,0,0,0
W6S2019,6,2019,Sun,13-Oct,1:00PM ET,L,,2-4,Jacksonville Jaguars,,New Orleans Saints,0,0,0,6,13,11,226,151,75,1,18,326,222,104,0,0,0,0,0,0,1,0,0,0,0,0,0,0,0,0,0,0,0,0,0,0
W7S2019,7,2019,Sun,20-Oct,1:00PM ET,W,,3-4,Jacksonville Jaguars,@,Cincinnati Bengals,1,1,0,27,17,22,460,244,216,0,21,291,258,33,4,0,0,0,0,0,0,1,0,0,0,0,0,0,0,0,0,0,0,0,0,0
W8S2019,8,2019,Sun,27-Oct,1:00PM ET,W,,4-4,Jacksonville Jaguars,,New York Jets,0,1,0,29,15,21,389,278,111,1,15,213,167,46,3,0,0,0,0,0,0,0,1,0,0,0,0,0,0,0,0,0,0,0,0,0
W9S2019,9,2019,Sun,3-Nov,9:30AM ET,L,,4-5,Jacksonville Jaguars,,Houston Texans,0,0,0,3,26,21,356,282,74,4,21,410,194,216,1,0,0,0,0,0,0,0,0,1,0,0,0,0,0,0,0,0,0,0,0,0
W11S2019,11,2019,Sun,17-Nov,1:00PM ET,L,,4-6,Jacksonville Jaguars,@,Indianapolis Colts,1,0,0,13,33,15,308,279,29,1,23,389,125,264,2,0,0,0,0,0,0,0,0,0,0,1,0,0,0,0,0,0,0,0,0,0
W12S2019,12,2019,Sun,24-Nov,4:05PM ET,L,,4-7,Jacksonville Jaguars,@,Tennessee Titans,1,0,0,20,42,23,369,252,117,1,21,471,252,219,2,0,0,0,0,0,0,0,0,0,0,0,1,0,0,0,0,0,0,0,0,0
W13S2019,13,2019,Sun,1-Dec,1:00PM ET,L,,4-8,Jacksonville Jaguars,,Tampa Bay Buccaneers,0,0,0,11,28,14,242,193,49,4,19,315,241,74,1,0,0,0,0,0,0,0,0,0,0,0,0,1,0,0,0,0,0,0,0,0
W14S2019,14,2019,Sun,8-Dec,4:05PM ET,L,,4-9,Jacksonville Jaguars,,Los Angeles Chargers,0,0,0,10,45,15,252,164,88,0,27,525,330,195,0,0,0,0,0,0,0,0,0,0,0,0,0,0,1,0,0,0,0,0,0,0
W15S2019,15,2019,Sun,15-Dec,4:05PM ET,W,,5-9,Jacksonville Jaguars,@,Oakland Raiders,1,1,0,20,16,17,262,185,77,0,27,364,236,128,0,0,0,0,0,0,0,0,0,0,0,0,0,0,0,1,0,0,0,0,0,0
W16S2019,16,2019,Sun,22-Dec,1:00PM ET,L,,5-10,Jacksonville Jaguars,@,Atlanta Falcons,1,0,0,12,24,17,288,173,115,1,28,518,383,135,2,0,0,0,0,0,0,0,0,0,0,0,0,0,0,0,1,0,0,0,0,0
W17S2019,17,2019,Sun,29-Dec,4:25PM ET,W,,6-10,Jacksonville Jaguars,,Indianapolis Colts,0,1,0,38,20,23,353,286,67,1,17,275,143,132,2,0,0,0,0,0,0,0,0,0,0,0,0,0,0,0,0,1,0,0,0,0
W1S2019,1,2019,Sun,8-Sep,1:00PM ET,L,,0-1,New York Jets,,Buffalo Bills,0,0,0,16,17,17,223,155,68,1,23,370,242,128,4,1,0,0,0,0,0,0,0,0,0,0,0,0,0,0,0,0,0,0,0,0
W2S2019,2,2019,Mon,16-Sep,8:15PM ET,L,,0-2,New York Jets,,Cleveland Browns,0,0,0,3,23,13,262,169,93,1,16,375,305,70,1,0,1,0,0,0,0,0,0,0,0,0,0,0,0,0,0,0,0,0,0,0
W3S2019,3,2019,Sun,22-Sep,1:00PM ET,L,,0-3,New York Jets,@,New England Patriots,1,0,0,14,30,6,105,69,36,1,21,381,313,68,2,0,0,1,0,0,0,0,0,0,0,0,0,0,0,0,0,0,0,0,0,0
W5S2019,5,2019,Sun,6-Oct,1:00PM ET,L,,0-4,New York Jets,@,Philadelphia Eagles,1,0,0,6,31,9,128,61,67,3,17,265,181,84,1,0,0,0,0,1,0,0,0,0,0,0,0,0,0,0,0,0,0,0,0,0
W6S2019,6,2019,Sun,13-Oct,4:25PM ET,W,,1-4,New York Jets,,Dallas Cowboys,0,1,0,24,22,20,382,326,56,1,26,399,270,129,0,0,0,0,0,0,1,0,0,0,0,0,0,0,0,0,0,0,0,0,0,0
W7S2019,7,2019,Mon,21-Oct,8:15PM ET,L,,1-5,New York Jets,,New England Patriots,0,0,0,0,33,12,154,73,81,6,22,323,249,74,1,0,0,0,0,0,0,1,0,0,0,0,0,0,0,0,0,0,0,0,0,0
W8S2019,8,2019,Sun,27-Oct,1:00PM ET,L,,1-6,New York Jets,@,Jacksonville Jaguars,1,0,0,15,29,15,213,167,46,3,21,389,278,111,1,0,0,0,0,0,0,0,1,0,0,0,0,0,0,0,0,0,0,0,0,0
W9S2019,9,2019,Sun,3-Nov,1:00PM ET,L,,1-7,New York Jets,@,Miami Dolphins,1,0,0,18,26,17,321,238,83,1,22,316,266,50,0,0,0,0,0,0,0,0,0,1,0,0,0,0,0,0,0,0,0,0,0,0
W10S2019,10,2019,Sun,10-Nov,1:00PM ET,W,,2-7,New York Jets,,New York Giants,0,1,0,34,27,18,294,218,76,0,15,281,258,23,2,0,0,0,0,0,0,0,0,0,1,0,0,0,0,0,0,0,0,0,0,0
W11S2019,11,2019,Sun,17-Nov,1:00PM ET,W,,3-7,New York Jets,@,Washington Redskins,1,1,0,34,17,23,400,285,115,2,13,225,171,54,1,0,0,0,0,0,0,0,0,0,0,1,0,0,0,0,0,0,0,0,0,0
W12S2019,12,2019,Sun,24-Nov,1:00PM ET,W,,4-7,New York Jets,,Oakland Raiders,0,1,0,34,3,21,401,313,88,1,10,208,140,68,2,0,0,0,0,0,0,0,0,0,0,0,1,0,0,0,0,0,0,0,0,0
W13S2019,13,2019,Sun,1-Dec,1:00PM ET,L,,4-8,New York Jets,@,Cincinnati Bengals,1,0,0,6,22,15,271,209,62,0,18,277,233,44,0,0,0,0,0,0,0,0,0,0,0,0,0,1,0,0,0,0,0,0,0,0
W14S2019,14,2019,Sun,8-Dec,1:00PM ET,W,,5-8,New York Jets,,Miami Dolphins,0,1,0,22,21,22,374,262,112,1,22,362,240,122,1,0,0,0,0,0,0,0,0,0,0,0,0,0,1,0,0,0,0,0,0,0
W15S2019,15,2019,Thu,12-Dec,8:20PM ET,L,,5-9,New York Jets,@,Baltimore Ravens,1,0,0,21,42,13,310,207,103,2,23,430,212,218,0,0,0,0,0,0,0,0,0,0,0,0,0,0,0,1,0,0,0,0,0,0
W16S2019,16,2019,Sun,22-Dec,1:00PM ET,W,,6-9,New York Jets,,Pittsburgh Steelers,0,1,0,16,10,14,259,174,85,1,16,260,185,75,2,0,0,0,0,0,0,0,0,0,0,0,0,0,0,0,1,0,0,0,0,0
W17S2019,17,2019,Sun,29-Dec,1:00PM ET,W,,7-9,New York Jets,@,Buffalo Bills,1,1,0,13,6,18,271,185,86,1,17,309,236,73,3,0,0,0,0,0,0,0,0,0,0,0,0,0,0,0,0,1,0,0,0,0
W1S2019,1,2019,Sun,8-Sep,4:25PM ET,L,,0-1,New York Giants,@,Dallas Cowboys,1,0,0,17,35,25,470,319,151,2,23,494,405,89,0,1,0,0,0,0,0,0,0,0,0,0,0,0,0,0,0,0,0,0,0,0
W2S2019,2,2019,Sun,15-Sep,1:00PM ET,L,,0-2,New York Giants,,Buffalo Bills,0,0,0,14,28,21,370,241,129,2,24,388,237,151,0,0,1,0,0,0,0,0,0,0,0,0,0,0,0,0,0,0,0,0,0,0
W3S2019,3,2019,Sun,22-Sep,4:05PM ET,W,,1-2,New York Giants,@,Tampa Bay Buccaneers,1,1,0,32,31,17,384,312,72,2,24,499,355,144,1,0,0,1,0,0,0,0,0,0,0,0,0,0,0,0,0,0,0,0,0,0
W4S2019,4,2019,Sun,29-Sep,1:00PM ET,W,,2-2,New York Giants,,Washington Redskins,0,1,0,24,3,24,389,225,164,4,8,176,121,55,4,0,0,0,1,0,0,0,0,0,0,0,0,0,0,0,0,0,0,0,0,0
W5S2019,5,2019,Sun,6-Oct,1:00PM ET,L,,2-3,New York Giants,,Minnesota Vikings,0,0,0,10,28,18,211,147,64,1,22,490,279,211,1,0,0,0,0,1,0,0,0,0,0,0,0,0,0,0,0,0,0,0,0,0
W6S2019,6,2019,Thu,10-Oct,8:20PM ET,L,,2-4,New York Giants,@,New England Patriots,1,0,0,14,35,10,213,161,52,4,27,427,313,114,2,0,0,0,0,0,1,0,0,0,0,0,0,0,0,0,0,0,0,0,0,0
W7S2019,7,2019,Sun,20-Oct,1:00PM ET,L,,2-5,New York Giants,,Arizona Cardinals,0,0,0,21,27,21,263,156,107,3,18,245,89,156,0,0,0,0,0,0,0,1,0,0,0,0,0,0,0,0,0,0,0,0,0,0
W8S2019,8,2019,Sun,27-Oct,1:00PM ET,L,,2-6,New York Giants,@,Detroit Lions,1,0,0,26,31,24,370,290,80,1,17,375,316,59,2,0,0,0,0,0,0,0,1,0,0,0,0,0,0,0,0,0,0,0,0,0
W9S2019,9,2019,Mon,4-Nov,8:15PM ET,L,,2-7,New York Giants,,Dallas Cowboys,0,0,0,18,37,20,271,171,100,3,24,429,257,172,2,0,0,0,0,0,0,0,0,1,0,0,0,0,0,0,0,0,0,0,0,0
W10S2019,10,2019,Sun,10-Nov,1:00PM ET,L,,2-8,New York Giants,@,New York Jets,1,0,0,27,34,15,281,258,23,2,18,294,218,76,0,0,0,0,0,0,0,0,0,0,1,0,0,0,0,0,0,0,0,0,0,0
W12S2019,12,2019,Sun,24-Nov,1:00PM ET,L,,2-9,New York Giants,@,Chicago Bears,1,0,0,14,19,14,243,134,109,1,20,335,270,65,2,0,0,0,0,0,0,0,0,0,0,0,1,0,0,0,0,0,0,0,0,0
W13S2019,13,2019,Sun,1-Dec,1:00PM ET,L,,2-10,New York Giants,,Green Bay Packers,0,0,0,13,31,20,335,240,95,3,19,322,243,79,0,0,0,0,0,0,0,0,0,0,0,0,0,1,0,0,0,0,0,0,0,0
W14S2019,14,2019,Mon,9-Dec,8:15PM ET,L,OT,2-11,New York Giants,@,Philadelphia Eagles,1,0,0,17,23,11,255,182,73,0,27,418,300,118,1,0,0,0,0,0,0,0,0,0,0,0,0,0,1,0,0,0,0,0,0,0
W15S2019,15,2019,Sun,15-Dec,1:00PM ET,W,,3-11,New York Giants,,Miami Dolphins,0,1,0,36,20,24,412,274,138,3,22,384,262,122,1,0,0,0,0,0,0,0,0,0,0,0,0,0,0,1,0,0,0,0,0,0
W16S2019,16,2019,Sun,22-Dec,1:00PM ET,W,OT,4-11,New York Giants,@,Washington Redskins,1,1,0,41,35,28,552,346,206,0,25,361,281,80,0,0,0,0,0,0,0,0,0,0,0,0,0,0,0,0,1,0,0,0,0,0
W17S2019,17,2019,Sun,29-Dec,4:25PM ET,L,,4-12,New York Giants,,Philadelphia Eagles,0,0,0,17,34,19,397,275,122,2,25,400,279,121,0,0,0,0,0,0,0,0,0,0,0,0,0,0,0,0,0,1,0,0,0,0
W1S2019,1,2019,Thu,5-Sep,8:20PM ET,W,,1-0,Green Bay Packers,@,Chicago Bears,1,1,0,10,3,13,213,166,47,0,16,254,208,46,1,1,0,0,0,0,0,0,0,0,0,0,0,0,0,0,0,0,0,0,0,0
W2S2019,2,2019,Sun,15-Sep,1:00PM ET,W,,2-0,Green Bay Packers,,Minnesota Vikings,0,1,0,21,16,20,335,191,144,2,15,421,223,198,4,0,1,0,0,0,0,0,0,0,0,0,0,0,0,0,0,0,0,0,0,0
W3S2019,3,2019,Sun,22-Sep,1:00PM ET,W,,3-0,Green Bay Packers,,Denver Broncos,0,1,0,27,16,16,312,235,77,0,20,310,161,149,3,0,0,1,0,0,0,0,0,0,0,0,0,0,0,0,0,0,0,0,0,0
W4S2019,4,2019,Thu,26-Sep,8:20PM ET,L,,3-1,Green Bay Packers,,Philadelphia Eagles,0,0,0,27,34,31,491,414,77,2,24,336,160,176,0,0,0,0,1,0,0,0,0,0,0,0,0,0,0,0,0,0,0,0,0,0
W5S2019,5,2019,Sun,6-Oct,4:25PM ET,W,,4-1,Green Bay Packers,@,Dallas Cowboys,1,1,0,34,24,24,335,215,120,0,32,563,441,122,3,0,0,0,0,1,0,0,0,0,0,0,0,0,0,0,0,0,0,0,0,0
W6S2019,6,2019,Mon,14-Oct,8:15PM ET,W,,5-1,Green Bay Packers,,Detroit Lions,0,1,0,23,22,22,447,277,170,3,13,299,243,56,0,0,0,0,0,0,1,0,0,0,0,0,0,0,0,0,0,0,0,0,0,0
W7S2019,7,2019,Sun,20-Oct,1:00PM ET,W,,6-1,Green Bay Packers,,Oakland Raiders,0,1,0,42,24,22,481,421,60,0,21,484,329,155,2,0,0,0,0,0,0,1,0,0,0,0,0,0,0,0,0,0,0,0,0,0
W8S2019,8,2019,Sun,27-Oct,8:20PM ET,W,,7-1,Green Bay Packers,@,Kansas City Chiefs,1,1,0,31,24,21,374,256,118,0,21,337,249,88,1,0,0,0,0,0,0,0,1,0,0,0,0,0,0,0,0,0,0,0,0,0
W9S2019,9,2019,Sun,3-Nov,4:25PM ET,L,,7-2,Green Bay Packers,@,Los Angeles Chargers,1,0,0,11,26,13,184,139,45,0,24,442,283,159,0,0,0,0,0,0,0,0,0,1,0,0,0,0,0,0,0,0,0,0,0,0
W10S2019,10,2019,Sun,10-Nov,4:25PM ET,W,,8-2,Green Bay Packers,,Carolina Panthers,0,1,0,24,16,23,388,225,163,0,26,401,281,120,2,0,0,0,0,0,0,0,0,0,1,0,0,0,0,0,0,0,0,0,0,0
W12S2019,12,2019,Sun,24-Nov,8:20PM ET,L,,8-3,Green Bay Packers,@,San Francisco 49ers,1,0,0,8,37,19,198,81,117,1,16,339,227,112,0,0,0,0,0,0,0,0,0,0,0,0,1,0,0,0,0,0,0,0,0,0
W13S2019,13,2019,Sun,1-Dec,1:00PM ET,W,,9-3,Green Bay Packers,@,New York Giants,1,1,0,31,13,19,322,243,79,0,20,335,240,95,3,0,0,0,0,0,0,0,0,0,0,0,0,1,0,0,0,0,0,0,0,0
W14S2019,14,2019,Sun,8-Dec,1:00PM ET,W,,10-3,Green Bay Packers,,Washington Redskins,0,1,0,20,15,18,341,167,174,1,18,262,141,121,1,0,0,0,0,0,0,0,0,0,0,0,0,0,1,0,0,0,0,0,0,0
W15S2019,15,2019,Sun,15-Dec,1:00PM ET,W,,11-3,Green Bay Packers,,Chicago Bears,0,1,0,21,13,12,292,192,100,0,20,415,319,96,3,0,0,0,0,0,0,0,0,0,0,0,0,0,0,1,0,0,0,0,0,0
W16S2019,16,2019,Mon,23-Dec,8:15PM ET,W,,12-3,Green Bay Packers,@,Minnesota Vikings,1,1,0,23,10,22,383,199,184,3,7,139,82,57,1,0,0,0,0,0,0,0,0,0,0,0,0,0,0,0,1,0,0,0,0,0
W17S2019,17,2019,Sun,29-Dec,1:00PM ET,W,,13-3,Green Bay Packers,@,Detroit Lions,1,1,0,23,20,25,432,312,120,1,17,305,134,171,1,0,0,0,0,0,0,0,0,0,0,0,0,0,0,0,0,1,0,0,0,0
DivisionS2019,Division,2019,Sun,12-Jan,6:40PM ET,W,,14-3,Green Bay Packers,,Seattle Seahawks,0,1,0,28,23,22,344,235,109,0,23,375,265,110,0,0,0,0,0,0,0,0,0,0,0,0,0,0,0,0,0,0,0,1,0,0
Conf. Champ.S2019,Conf. Champ.,2019,Sun,19-Jan,6:40PM ET,L,,14-4,Green Bay Packers,@,San Francisco 49ers,1,0,0,20,37,21,358,296,62,3,19,354,69,285,0,0,0,0,0,0,0,0,0,0,0,0,0,0,0,0,0,0,0,0,1,0
W1S2019,1,2019,Sun,8-Sep,1:00PM ET,L,,0-1,Atlanta Falcons,@,Minnesota Vikings,1,0,0,12,28,27,345,272,73,3,18,269,97,172,0,1,0,0,0,0,0,0,0,0,0,0,0,0,0,0,0,0,0,0,0,0
W2S2019,2,2019,Sun,15-Sep,8:20PM ET,W,,1-1,Atlanta Falcons,,Philadelphia Eagles,0,1,0,24,20,19,367,310,57,3,18,286,237,49,3,0,1,0,0,0,0,0,0,0,0,0,0,0,0,0,0,0,0,0,0,0
W3S2019,3,2019,Sun,22-Sep,1:00PM ET,L,,1-2,Atlanta Falcons,@,Indianapolis Colts,1,0,0,24,27,25,397,304,93,1,29,379,300,79,0,0,0,1,0,0,0,0,0,0,0,0,0,0,0,0,0,0,0,0,0,0
W4S2019,4,2019,Sun,29-Sep,1:00PM ET,L,,1-3,Atlanta Falcons,,Tennessee Titans,0,0,0,10,24,24,422,364,58,1,22,365,227,138,0,0,0,0,1,0,0,0,0,0,0,0,0,0,0,0,0,0,0,0,0,0
W5S2019,5,2019,Sun,6-Oct,1:00PM ET,L,,1-4,Atlanta Falcons,@,Houston Texans,1,0,0,32,53,22,373,316,57,1,31,592,426,166,1,0,0,0,0,1,0,0,0,0,0,0,0,0,0,0,0,0,0,0,0,0
W6S2019,6,2019,Sun,13-Oct,4:05PM ET,L,,1-5,Atlanta Falcons,@,Arizona Cardinals,1,0,0,33,34,31,444,341,103,0,24,442,340,102,0,0,0,0,0,0,1,0,0,0,0,0,0,0,0,0,0,0,0,0,0,0
W7S2019,7,2019,Sun,20-Oct,1:00PM ET,L,,1-6,Atlanta Falcons,,Los Angeles Rams,0,0,0,10,37,14,224,186,38,3,23,381,291,90,0,0,0,0,0,0,0,1,0,0,0,0,0,0,0,0,0,0,0,0,0,0
W8S2019,8,2019,Sun,27-Oct,1:00PM ET,L,,1-7,Atlanta Falcons,,Seattle Seahawks,0,0,0,20,27,30,510,441,69,3,18,322,171,151,0,0,0,0,0,0,0,0,1,0,0,0,0,0,0,0,0,0,0,0,0,0
W10S2019,10,2019,Sun,10-Nov,1:00PM ET,W,,2-7,Atlanta Falcons,@,New Orleans Saints,1,1,0,26,9,24,317,174,143,1,18,310,258,52,0,0,0,0,0,0,0,0,0,0,1,0,0,0,0,0,0,0,0,0,0,0
W11S2019,11,2019,Sun,17-Nov,1:00PM ET,W,,3-7,Atlanta Falcons,@,Carolina Panthers,1,1,0,29,3,20,349,295,54,0,17,347,270,77,4,0,0,0,0,0,0,0,0,0,0,1,0,0,0,0,0,0,0,0,0,0
W12S2019,12,2019,Sun,24-Nov,1:00PM ET,L,,3-8,Atlanta Falcons,,Tampa Bay Buccaneers,0,0,0,22,35,22,337,280,57,2,20,446,313,133,2,0,0,0,0,0,0,0,0,0,0,0,1,0,0,0,0,0,0,0,0,0
W13S2019,13,2019,Thu,28-Nov,8:20PM ET,L,,3-9,Atlanta Falcons,,New Orleans Saints,0,0,0,18,26,27,348,259,89,3,14,279,184,95,0,0,0,0,0,0,0,0,0,0,0,0,0,1,0,0,0,0,0,0,0,0
W14S2019,14,2019,Sun,8-Dec,1:00PM ET,W,,4-9,Atlanta Falcons,,Carolina Panthers,0,1,0,40,20,22,461,302,159,0,27,345,245,100,4,0,0,0,0,0,0,0,0,0,0,0,0,0,1,0,0,0,0,0,0,0
W15S2019,15,2019,Sun,15-Dec,4:25PM ET,W,,5-9,Atlanta Falcons,@,San Francisco 49ers,1,1,0,29,22,20,290,201,89,1,20,313,193,120,2,0,0,0,0,0,0,0,0,0,0,0,0,0,0,1,0,0,0,0,0,0
W16S2019,16,2019,Sun,22-Dec,1:00PM ET,W,,6-9,Atlanta Falcons,,Jacksonville Jaguars,0,1,0,24,12,28,518,383,135,2,17,288,173,115,1,0,0,0,0,0,0,0,0,0,0,0,0,0,0,0,1,0,0,0,0,0
W17S2019,17,2019,Sun,29-Dec,1:00PM ET,W,OT,7-9,Atlanta Falcons,@,Tampa Bay Buccaneers,1,1,0,28,22,28,373,286,87,1,14,329,193,136,3,0,0,0,0,0,0,0,0,0,0,0,0,0,0,0,0,1,0,0,0,0
W1S2019,1,2019,Sun,8-Sep,1:00PM ET,W,,1-0,Philadelphia Eagles,,Washington Redskins,0,1,0,32,27,22,436,313,123,0,15,398,370,28,0,1,0,0,0,0,0,0,0,0,0,0,0,0,0,0,0,0,0,0,0,0
W2S2019,2,2019,Sun,15-Sep,8:20PM ET,L,,1-1,Philadelphia Eagles,@,Atlanta Falcons,1,0,0,20,24,18,286,237,49,3,19,367,310,57,3,0,1,0,0,0,0,0,0,0,0,0,0,0,0,0,0,0,0,0,0,0
W3S2019,3,2019,Sun,22-Sep,1:00PM ET,L,,1-2,Philadelphia Eagles,,Detroit Lions,0,0,0,24,27,22,373,246,127,2,16,287,201,86,0,0,0,1,0,0,0,0,0,0,0,0,0,0,0,0,0,0,0,0,0,0
W4S2019,4,2019,Thu,26-Sep,8:20PM ET,W,,2-2,Philadelphia Eagles,@,Green Bay Packers,1,1,0,34,27,24,336,160,176,0,31,491,414,77,2,0,0,0,1,0,0,0,0,0,0,0,0,0,0,0,0,0,0,0,0,0
W5S2019,5,2019,Sun,6-Oct,1:00PM ET,W,,3-2,Philadelphia Eagles,,New York Jets,0,1,0,31,6,17,265,181,84,1,9,128,61,67,3,0,0,0,0,1,0,0,0,0,0,0,0,0,0,0,0,0,0,0,0,0
W6S2019,6,2019,Sun,13-Oct,1:00PM ET,L,,3-3,Philadelphia Eagles,@,Minnesota Vikings,1,0,0,20,38,19,400,292,108,3,26,447,325,122,2,0,0,0,0,0,1,0,0,0,0,0,0,0,0,0,0,0,0,0,0,0
W7S2019,7,2019,Sun,20-Oct,8:20PM ET,L,,3-4,Philadelphia Eagles,@,Dallas Cowboys,1,0,0,10,37,16,283,168,115,4,23,402,213,189,1,0,0,0,0,0,0,1,0,0,0,0,0,0,0,0,0,0,0,0,0,0
W8S2019,8,2019,Sun,27-Oct,1:00PM ET,W,,4-4,Philadelphia Eagles,@,Buffalo Bills,1,1,0,31,13,21,371,153,218,1,16,253,155,98,1,0,0,0,0,0,0,0,1,0,0,0,0,0,0,0,0,0,0,0,0,0
W9S2019,9,2019,Sun,3-Nov,1:00PM ET,W,,5-4,Philadelphia Eagles,,Chicago Bears,0,1,0,22,14,26,373,227,146,0,10,164,102,62,1,0,0,0,0,0,0,0,0,1,0,0,0,0,0,0,0,0,0,0,0,0
W11S2019,11,2019,Sun,17-Nov,4:25PM ET,L,,5-5,Philadelphia Eagles,,New England Patriots,0,0,0,10,17,21,255,174,81,1,19,298,224,74,0,0,0,0,0,0,0,0,0,0,0,1,0,0,0,0,0,0,0,0,0,0
W12S2019,12,2019,Sun,24-Nov,1:00PM ET,L,,5-6,Philadelphia Eagles,,Seattle Seahawks,0,0,0,9,17,23,344,238,106,5,14,348,174,174,2,0,0,0,0,0,0,0,0,0,0,0,1,0,0,0,0,0,0,0,0,0
W13S2019,13,2019,Sun,1-Dec,1:00PM ET,L,,5-7,Philadelphia Eagles,@,Miami Dolphins,1,0,0,31,37,23,386,294,92,1,26,409,351,58,1,0,0,0,0,0,0,0,0,0,0,0,0,1,0,0,0,0,0,0,0,0
W14S2019,14,2019,Mon,9-Dec,8:15PM ET,W,OT,6-7,Philadelphia Eagles,,New York Giants,0,1,0,23,17,27,418,300,118,1,11,255,182,73,0,0,0,0,0,0,0,0,0,0,0,0,0,0,1,0,0,0,0,0,0,0
W15S2019,15,2019,Sun,15-Dec,1:00PM ET,W,,7-7,Philadelphia Eagles,@,Washington Redskins,1,1,0,37,27,27,415,258,157,1,19,352,251,101,1,0,0,0,0,0,0,0,0,0,0,0,0,0,0,1,0,0,0,0,0,0
W16S2019,16,2019,Sun,22-Dec,4:25PM ET,W,,8-7,Philadelphia Eagles,,Dallas Cowboys,0,1,0,17,9,23,431,313,118,0,16,311,257,54,1,0,0,0,0,0,0,0,0,0,0,0,0,0,0,0,1,0,0,0,0,0
W17S2019,17,2019,Sun,29-Dec,4:25PM ET,W,,9-7,Philadelphia Eagles,@,New York Giants,1,1,0,34,17,25,400,279,121,0,19,397,275,122,2,0,0,0,0,0,0,0,0,0,0,0,0,0,0,0,0,1,0,0,0,0
Wild CardS2019,Wild Card,2019,Sun,5-Jan,4:40PM ET,L,,9-8,Philadelphia Eagles,,Seattle Seahawks,0,0,0,9,17,20,282,162,120,0,16,382,318,64,0,0,0,0,0,0,0,0,0,0,0,0,0,0,0,0,0,0,1,0,0,0
W1S2019,1,2019,Sun,9-Aug,1:00PM ET,L,,0-1,Miami Dolphins,,Baltimore Ravens,0,0,0,10,59,12,200,179,21,3,31,643,378,265,0,1,0,0,0,0,0,0,0,0,0,0,0,0,0,0,0,0,0,0,0,0
W2S2019,2,2019,Sun,15-Sep,1:00PM ET,L,,0-2,Miami Dolphins,,New England Patriots,0,0,0,0,43,11,184,142,42,4,27,379,255,124,1,0,1,0,0,0,0,0,0,0,0,0,0,0,0,0,0,0,0,0,0,0
W3S2019,3,2019,Sun,22-Sep,1:00PM ET,L,,0-3,Miami Dolphins,@,Dallas Cowboys,1,0,0,6,31,17,283,211,72,1,28,476,241,235,1,0,0,1,0,0,0,0,0,0,0,0,0,0,0,0,0,0,0,0,0,0
W4S2019,4,2019,Sun,29-Sep,1:00PM ET,L,,0-4,Miami Dolphins,,Los Angeles Chargers,0,0,0,10,30,13,233,161,72,1,24,390,311,79,0,0,0,0,1,0,0,0,0,0,0,0,0,0,0,0,0,0,0,0,0,0
W6S2019,6,2019,Sun,13-Oct,1:00PM ET,L,,0-5,Miami Dolphins,,Washington Redskins,0,0,0,16,17,21,271,187,84,2,13,311,166,145,0,0,0,0,0,0,1,0,0,0,0,0,0,0,0,0,0,0,0,0,0,0
W7S2019,7,2019,Sun,20-Oct,1:00PM ET,L,,0-6,Miami Dolphins,@,Buffalo Bills,1,0,0,21,31,24,381,272,109,2,17,305,188,117,0,0,0,0,0,0,0,1,0,0,0,0,0,0,0,0,0,0,0,0,0,0
W8S2019,8,2019,Mon,28-Oct,8:15PM ET,L,,0-7,Miami Dolphins,@,Pittsburgh Steelers,1,0,0,14,27,16,230,170,60,4,21,394,236,158,1,0,0,0,0,0,0,0,1,0,0,0,0,0,0,0,0,0,0,0,0,0
W9S2019,9,2019,Sun,11-Mar,1:00PM ET,W,,1/7/21,Miami Dolphins,,New York Jets,0,1,0,26,18,22,316,266,50,0,17,321,238,83,1,0,0,0,0,0,0,0,0,1,0,0,0,0,0,0,0,0,0,0,0,0
W10S2019,10,2019,Sun,11-Oct,4:05PM ET,W,,2/7/21,Miami Dolphins,@,Indianapolis Colts,1,1,0,16,12,13,229,159,70,2,19,300,191,109,3,0,0,0,0,0,0,0,0,0,1,0,0,0,0,0,0,0,0,0,0,0
W11S2019,11,2019,Sun,17-Nov,1:00PM ET,L,,2/8/21,Miami Dolphins,,Buffalo Bills,0,0,0,20,37,19,303,280,23,1,22,424,256,168,0,0,0,0,0,0,0,0,0,0,0,1,0,0,0,0,0,0,0,0,0,0
W12S2019,12,2019,Sun,24-Nov,1:00PM ET,L,,2/9/21,Miami Dolphins,@,Cleveland Browns,1,0,0,24,41,22,284,192,92,2,30,467,320,147,1,0,0,0,0,0,0,0,0,0,0,0,1,0,0,0,0,0,0,0,0,0
W13S2019,13,2019,Sun,12-Jan,1:00PM ET,W,,3/9/21,Miami Dolphins,,Philadelphia Eagles,0,1,0,37,31,26,409,351,58,1,23,386,294,92,1,0,0,0,0,0,0,0,0,0,0,0,0,1,0,0,0,0,0,0,0,0
W14S2019,14,2019,Sun,12-Aug,1:00PM ET,L,,3/10/21,Miami Dolphins,@,New York Jets,1,0,0,21,22,22,362,240,122,1,22,374,262,112,1,0,0,0,0,0,0,0,0,0,0,0,0,0,1,0,0,0,0,0,0,0
W15S2019,15,2019,Sun,15-Dec,1:00PM ET,L,,3/11/21,Miami Dolphins,@,New York Giants,1,0,0,20,36,22,384,262,122,1,24,412,274,138,3,0,0,0,0,0,0,0,0,0,0,0,0,0,0,1,0,0,0,0,0,0
W16S2019,16,2019,Sun,22-Dec,1:00PM ET,W,OT,4/11/21,Miami Dolphins,,Cincinnati Bengals,0,1,0,38,35,29,502,406,96,1,25,430,371,59,1,0,0,0,0,0,0,0,0,0,0,0,0,0,0,0,1,0,0,0,0,0
W17S2019,17,2019,Sun,29-Dec,1:00PM ET,W,,5/11/21,Miami Dolphins,@,New England Patriots,1,1,0,27,24,26,389,326,63,0,18,352,217,135,2,0,0,0,0,0,0,0,0,0,0,0,0,0,0,0,0,1,0,0,0,0
W1S2019,1,2019,Sun,8-Sep,4:25PM ET,W,,1-0,Dallas Cowboys,,New York Giants,0,1,0,35,17,23,494,405,89,0,25,470,319,151,2,1,0,0,0,0,0,0,0,0,0,0,0,0,0,0,0,0,0,0,0,0
W2S2019,2,2019,Sun,15-Sep,1:00PM ET,W,,2-0,Dallas Cowboys,@,Washington Redskins,1,1,0,31,21,25,474,261,213,1,19,255,208,47,0,0,1,0,0,0,0,0,0,0,0,0,0,0,0,0,0,0,0,0,0,0
W3S2019,3,2019,Sun,22-Sep,1:00PM ET,W,,3-0,Dallas Cowboys,,Miami Dolphins,0,1,0,31,6,28,476,241,235,1,17,283,211,72,1,0,0,1,0,0,0,0,0,0,0,0,0,0,0,0,0,0,0,0,0,0
W4S2019,4,2019,Sun,29-Sep,8:20PM ET,L,,3-1,Dallas Cowboys,@,New Orleans Saints,1,0,0,10,12,15,257,212,45,3,18,266,149,117,1,0,0,0,1,0,0,0,0,0,0,0,0,0,0,0,0,0,0,0,0,0
W5S2019,5,2019,Sun,6-Oct,4:25PM ET,L,,3-2,Dallas Cowboys,,Green Bay Packers,0,0,0,24,34,32,563,441,122,3,24,335,215,120,0,0,0,0,0,1,0,0,0,0,0,0,0,0,0,0,0,0,0,0,0,0
W6S2019,6,2019,Sun,13-Oct,4:25PM ET,L,,3-3,Dallas Cowboys,@,New York Jets,1,0,0,22,24,26,399,270,129,0,20,382,326,56,1,0,0,0,0,0,1,0,0,0,0,0,0,0,0,0,0,0,0,0,0,0
W7S2019,7,2019,Sun,20-Oct,8:20PM ET,W,,4-3,Dallas Cowboys,,Philadelphia Eagles,0,1,0,37,10,23,402,213,189,1,16,283,168,115,4,0,0,0,0,0,0,1,0,0,0,0,0,0,0,0,0,0,0,0,0,0
W9S2019,9,2019,Mon,4-Nov,8:15PM ET,W,,5-3,Dallas Cowboys,@,New York Giants,1,1,0,37,18,24,429,257,172,2,20,271,171,100,3,0,0,0,0,0,0,0,0,1,0,0,0,0,0,0,0,0,0,0,0,0
W10S2019,10,2019,Sun,10-Nov,8:20PM ET,L,,5-4,Dallas Cowboys,,Minnesota Vikings,0,0,0,24,28,24,443,393,50,1,27,364,211,153,0,0,0,0,0,0,0,0,0,0,1,0,0,0,0,0,0,0,0,0,0,0
W11S2019,11,2019,Sun,17-Nov,1:00PM ET,W,,6-4,Dallas Cowboys,@,Detroit Lions,1,1,0,35,27,26,509,434,75,1,19,312,191,121,0,0,0,0,0,0,0,0,0,0,0,1,0,0,0,0,0,0,0,0,0,0
W12S2019,12,2019,Sun,24-Nov,4:25PM ET,L,,6-5,Dallas Cowboys,@,New England Patriots,1,0,0,9,13,16,321,212,109,1,17,282,181,101,0,0,0,0,0,0,0,0,0,0,0,0,1,0,0,0,0,0,0,0,0,0
W13S2019,13,2019,Thu,28-Nov,4:30PM ET,L,,6-6,Dallas Cowboys,,Buffalo Bills,0,0,0,15,26,32,426,323,103,2,22,356,232,124,0,0,0,0,0,0,0,0,0,0,0,0,0,1,0,0,0,0,0,0,0,0
W14S2019,14,2019,Thu,5-Dec,8:20PM ET,L,,6-7,Dallas Cowboys,@,Chicago Bears,1,0,0,24,31,22,408,326,82,0,24,382,231,151,2,0,0,0,0,0,0,0,0,0,0,0,0,0,1,0,0,0,0,0,0,0
W15S2019,15,2019,Sun,15-Dec,4:25PM ET,W,,7-7,Dallas Cowboys,,Los Angeles Rams,0,1,0,44,21,25,475,212,263,0,23,289,267,22,1,0,0,0,0,0,0,0,0,0,0,0,0,0,0,1,0,0,0,0,0,0
W16S2019,16,2019,Sun,22-Dec,4:25PM ET,L,,7-8,Dallas Cowboys,@,Philadelphia Eagles,1,0,0,9,17,16,311,257,54,1,23,431,313,118,0,0,0,0,0,0,0,0,0,0,0,0,0,0,0,0,1,0,0,0,0,0
W17S2019,17,2019,Sun,29-Dec,4:25PM ET,W,,8-8,Dallas Cowboys,,Washington Redskins,0,1,0,47,16,22,517,294,223,1,13,271,183,88,2,0,0,0,0,0,0,0,0,0,0,0,0,0,0,0,0,1,0,0,0,0
W1S2019,1,2019,Sun,8-Sep,4:05PM ET,L,OT,0-1,Indianapolis Colts,@,Los Angeles Chargers,1,0,0,24,30,22,376,173,203,0,25,435,310,125,2,1,0,0,0,0,0,0,0,0,0,0,0,0,0,0,0,0,0,0,0,0
W2S2019,2,2019,Sun,15-Sep,1:00PM ET,W,,1-1,Indianapolis Colts,@,Tennessee Titans,1,1,0,19,17,21,288,121,167,2,18,243,119,124,0,0,1,0,0,0,0,0,0,0,0,0,0,0,0,0,0,0,0,0,0,0
W3S2019,3,2019,Sun,22-Sep,1:00PM ET,W,,2-1,Indianapolis Colts,,Atlanta Falcons,0,1,0,27,24,29,379,300,79,0,25,397,304,93,1,0,0,1,0,0,0,0,0,0,0,0,0,0,0,0,0,0,0,0,0,0
W4S2019,4,2019,Sun,29-Sep,1:00PM ET,L,,2-2,Indianapolis Colts,,Oakland Raiders,0,0,0,24,31,22,346,265,81,2,21,377,189,188,1,0,0,0,1,0,0,0,0,0,0,0,0,0,0,0,0,0,0,0,0,0
W5S2019,5,2019,Sun,6-Oct,8:20PM ET,W,,3-2,Indianapolis Colts,@,Kansas City Chiefs,1,1,0,19,13,25,331,151,180,1,18,324,288,36,1,0,0,0,0,1,0,0,0,0,0,0,0,0,0,0,0,0,0,0,0,0
W7S2019,7,2019,Sun,20-Oct,1:00PM ET,W,,4-2,Indianapolis Colts,,Houston Texans,0,1,0,30,23,23,383,321,62,1,21,391,291,100,2,0,0,0,0,0,0,1,0,0,0,0,0,0,0,0,0,0,0,0,0,0
W8S2019,8,2019,Sun,27-Oct,1:00PM ET,W,,5-2,Indianapolis Colts,,Denver Broncos,0,1,0,15,13,19,318,191,127,1,21,279,166,113,0,0,0,0,0,0,0,0,1,0,0,0,0,0,0,0,0,0,0,0,0,0
W9S2019,9,2019,Sun,3-Nov,1:00PM ET,L,,5-3,Indianapolis Colts,@,Pittsburgh Steelers,1,0,0,24,26,22,328,189,139,3,17,273,183,90,2,0,0,0,0,0,0,0,0,1,0,0,0,0,0,0,0,0,0,0,0,0
W10S2019,10,2019,Sun,10-Nov,4:05PM ET,L,,5-4,Indianapolis Colts,,Miami Dolphins,0,0,0,12,16,19,300,191,109,3,13,229,159,70,2,0,0,0,0,0,0,0,0,0,1,0,0,0,0,0,0,0,0,0,0,0
W11S2019,11,2019,Sun,17-Nov,1:00PM ET,W,,6-4,Indianapolis Colts,,Jacksonville Jaguars,0,1,0,33,13,23,389,125,264,2,15,308,279,29,1,0,0,0,0,0,0,0,0,0,0,1,0,0,0,0,0,0,0,0,0,0
W12S2019,12,2019,Thu,21-Nov,8:20PM ET,L,,6-5,Indianapolis Colts,@,Houston Texans,1,0,0,17,20,19,296,121,175,0,16,396,297,99,1,0,0,0,0,0,0,0,0,0,0,0,1,0,0,0,0,0,0,0,0,0
W13S2019,13,2019,Sun,1-Dec,1:00PM ET,L,,6-6,Indianapolis Colts,,Tennessee Titans,0,0,0,17,31,22,391,309,82,3,15,292,138,154,2,0,0,0,0,0,0,0,0,0,0,0,0,1,0,0,0,0,0,0,0,0
W14S2019,14,2019,Sun,8-Dec,1:00PM ET,L,,6-7,Indianapolis Colts,@,Tampa Bay Buccaneers,1,0,0,35,38,16,309,243,66,1,29,542,467,75,4,0,0,0,0,0,0,0,0,0,0,0,0,0,1,0,0,0,0,0,0,0
W15S2019,15,2019,Mon,16-Dec,8:15PM ET,L,,6-8,Indianapolis Colts,@,New Orleans Saints,1,0,0,7,34,16,205,159,46,0,27,424,307,117,0,0,0,0,0,0,0,0,0,0,0,0,0,0,0,1,0,0,0,0,0,0
W16S2019,16,2019,Sun,22-Dec,1:00PM ET,W,,7-8,Indianapolis Colts,,Carolina Panthers,0,1,0,38,6,25,324,106,218,0,19,286,199,87,3,0,0,0,0,0,0,0,0,0,0,0,0,0,0,0,1,0,0,0,0,0
W17S2019,17,2019,Sun,29-Dec,4:25PM ET,L,,7-9,Indianapolis Colts,@,Jacksonville Jaguars,1,0,0,20,38,17,275,143,132,2,23,353,286,67,1,0,0,0,0,0,0,0,0,0,0,0,0,0,0,0,0,1,0,0,0,0
W1S2019,1,2019,Sun,8-Sep,4:05PM ET,W,OT,1-0,Los Angeles Chargers,,Indianapolis Colts,0,1,0,30,24,25,435,310,125,2,22,376,173,203,0,1,0,0,0,0,0,0,0,0,0,0,0,0,0,0,0,0,0,0,0,0
W2S2019,2,2019,Sun,15-Sep,1:00PM ET,L,,1-1,Los Angeles Chargers,@,Detroit Lions,1,0,0,10,13,21,424,287,137,2,19,339,245,94,2,0,1,0,0,0,0,0,0,0,0,0,0,0,0,0,0,0,0,0,0,0
W3S2019,3,2019,Sun,22-Sep,4:25PM ET,L,,1-2,Los Angeles Chargers,,Houston Texans,0,0,0,20,27,22,366,293,73,1,20,376,337,39,1,0,0,1,0,0,0,0,0,0,0,0,0,0,0,0,0,0,0,0,0,0
W4S2019,4,2019,Sun,29-Sep,1:00PM ET,W,,2-2,Los Angeles Chargers,@,Miami Dolphins,1,1,0,30,10,24,390,311,79,0,13,233,161,72,1,0,0,0,1,0,0,0,0,0,0,0,0,0,0,0,0,0,0,0,0,0
W5S2019,5,2019,Sun,6-Oct,4:05PM ET,L,,2-3,Los Angeles Chargers,,Denver Broncos,0,0,0,13,20,19,246,211,35,3,15,350,159,191,2,0,0,0,0,1,0,0,0,0,0,0,0,0,0,0,0,0,0,0,0,0
W6S2019,6,2019,Sun,13-Oct,8:20PM ET,L,,2-4,Los Angeles Chargers,,Pittsburgh Steelers,0,0,0,17,24,23,348,316,32,3,18,256,132,124,1,0,0,0,0,0,1,0,0,0,0,0,0,0,0,0,0,0,0,0,0,0
W7S2019,7,2019,Sun,20-Oct,4:05PM ET,L,,2-5,Los Angeles Chargers,@,Tennessee Titans,1,0,0,20,23,24,365,326,39,1,22,403,306,97,1,0,0,0,0,0,0,1,0,0,0,0,0,0,0,0,0,0,0,0,0,0
W8S2019,8,2019,Sun,27-Oct,1:00PM ET,W,,3-5,Los Angeles Chargers,@,Chicago Bears,1,1,0,17,16,11,231,195,36,1,26,388,226,162,2,0,0,0,0,0,0,0,1,0,0,0,0,0,0,0,0,0,0,0,0,0
W9S2019,9,2019,Sun,3-Nov,4:25PM ET,W,,4-5,Los Angeles Chargers,,Green Bay Packers,0,1,0,26,11,24,442,283,159,0,13,184,139,45,0,0,0,0,0,0,0,0,0,1,0,0,0,0,0,0,0,0,0,0,0,0
W10S2019,10,2019,Thu,7-Nov,8:20PM ET,L,,4-6,Los Angeles Chargers,@,Oakland Raiders,1,0,0,24,26,26,315,169,146,3,18,278,200,78,0,0,0,0,0,0,0,0,0,0,1,0,0,0,0,0,0,0,0,0,0,0
W11S2019,11,2019,Mon,18-Nov,8:15PM ET,L,,4-7,Los Angeles Chargers,,Kansas City Chiefs,0,0,0,17,24,23,438,345,93,4,18,310,180,130,1,0,0,0,0,0,0,0,0,0,0,1,0,0,0,0,0,0,0,0,0,0
W13S2019,13,2019,Sun,1-Dec,4:25PM ET,L,,4-8,Los Angeles Chargers,@,Denver Broncos,1,0,0,20,23,17,359,244,115,2,13,218,134,84,1,0,0,0,0,0,0,0,0,0,0,0,0,1,0,0,0,0,0,0,0,0
W14S2019,14,2019,Sun,8-Dec,4:05PM ET,W,,5-8,Los Angeles Chargers,@,Jacksonville Jaguars,1,1,0,45,10,27,525,330,195,0,15,252,164,88,0,0,0,0,0,0,0,0,0,0,0,0,0,0,1,0,0,0,0,0,0,0
W15S2019,15,2019,Sun,15-Dec,4:05PM ET,L,,5-9,Los Angeles Chargers,,Minnesota Vikings,0,0,0,10,39,17,345,283,62,7,18,344,207,137,1,0,0,0,0,0,0,0,0,0,0,0,0,0,0,1,0,0,0,0,0,0
W16S2019,16,2019,Sun,22-Dec,4:05PM ET,L,,5-10,Los Angeles Chargers,,Oakland Raiders,0,0,0,17,24,21,284,265,19,0,19,366,267,99,0,0,0,0,0,0,0,0,0,0,0,0,0,0,0,0,1,0,0,0,0,0
W17S2019,17,2019,Sun,29-Dec,1:00PM ET,L,,5-11,Los Angeles Chargers,@,Kansas City Chiefs,1,0,0,21,31,25,366,258,108,2,16,336,174,162,1,0,0,0,0,0,0,0,0,0,0,0,0,0,0,0,0,1,0,0,0,0
W1S2019,1,2019,Sun,8-Sep,4:25PM ET,T,OT,0-0-1,Arizona Cardinals,,Detroit Lions,0,0,0,27,27,21,387,275,112,1,23,477,361,116,2,1,0,0,0,0,0,0,0,0,0,0,0,0,0,0,0,0,0,0,0,0
W2S2019,2,2019,Sun,15-Sep,1:00PM ET,L,,0-1-1,Arizona Cardinals,@,Baltimore Ravens,1,0,0,17,23,15,349,329,20,0,26,440,258,182,0,0,1,0,0,0,0,0,0,0,0,0,0,0,0,0,0,0,0,0,0,0
W3S2019,3,2019,Sun,22-Sep,4:05PM ET,L,,0-2-1,Arizona Cardinals,,Carolina Panthers,0,0,0,20,38,21,248,127,121,2,21,413,240,173,1,0,0,1,0,0,0,0,0,0,0,0,0,0,0,0,0,0,0,0,0,0
W4S2019,4,2019,Sun,29-Sep,4:05PM ET,L,,0-3-1,Arizona Cardinals,,Seattle Seahawks,0,0,0,10,27,20,321,206,115,1,21,340,225,115,0,0,0,0,1,0,0,0,0,0,0,0,0,0,0,0,0,0,0,0,0,0
W5S2019,5,2019,Sun,6-Oct,1:00PM ET,W,,1/3/01,Arizona Cardinals,@,Cincinnati Bengals,1,1,0,26,23,26,514,248,266,0,21,370,262,108,0,0,0,0,0,1,0,0,0,0,0,0,0,0,0,0,0,0,0,0,0,0
W6S2019,6,2019,Sun,13-Oct,4:05PM ET,W,,2/3/01,Arizona Cardinals,,Atlanta Falcons,0,1,0,34,33,24,442,340,102,0,31,444,341,103,0,0,0,0,0,0,1,0,0,0,0,0,0,0,0,0,0,0,0,0,0,0
W7S2019,7,2019,Sun,20-Oct,1:00PM ET,W,,3/3/01,Arizona Cardinals,@,New York Giants,1,1,0,27,21,18,245,89,156,0,21,263,156,107,3,0,0,0,0,0,0,1,0,0,0,0,0,0,0,0,0,0,0,0,0,0
W8S2019,8,2019,Sun,27-Oct,1:00PM ET,L,,3/4/01,Arizona Cardinals,@,New Orleans Saints,1,0,0,9,31,10,237,197,40,0,28,510,373,137,1,0,0,0,0,0,0,0,1,0,0,0,0,0,0,0,0,0,0,0,0,0
W9S2019,9,2019,Thu,31-Oct,8:20PM ET,L,,3/5/01,Arizona Cardinals,,San Francisco 49ers,0,0,0,25,28,19,357,204,153,0,21,411,310,101,0,0,0,0,0,0,0,0,0,1,0,0,0,0,0,0,0,0,0,0,0,0
W10S2019,10,2019,Sun,10-Nov,1:00PM ET,L,,3/6/01,Arizona Cardinals,@,Tampa Bay Buccaneers,1,0,0,27,30,20,417,342,75,2,26,457,339,118,3,0,0,0,0,0,0,0,0,0,1,0,0,0,0,0,0,0,0,0,0,0
W11S2019,11,2019,Sun,17-Nov,4:05PM ET,L,,3/7/01,Arizona Cardinals,@,San Francisco 49ers,1,0,0,26,36,21,266,131,135,2,26,442,408,34,2,0,0,0,0,0,0,0,0,0,0,1,0,0,0,0,0,0,0,0,0,0
W13S2019,13,2019,Sun,1-Dec,4:05PM ET,L,,3/8/01,Arizona Cardinals,,Los Angeles Rams,0,0,0,7,34,13,198,124,74,1,27,549,417,132,0,0,0,0,0,0,0,0,0,0,0,0,0,1,0,0,0,0,0,0,0,0
W14S2019,14,2019,Sun,8-Dec,4:25PM ET,L,,3/9/01,Arizona Cardinals,,Pittsburgh Steelers,0,0,0,17,23,17,236,165,71,3,20,275,135,140,2,0,0,0,0,0,0,0,0,0,0,0,0,0,1,0,0,0,0,0,0,0
W15S2019,15,2019,Sun,15-Dec,4:05PM ET,W,,4/9/01,Arizona Cardinals,,Cleveland Browns,0,1,0,38,24,26,445,219,226,1,25,393,241,152,2,0,0,0,0,0,0,0,0,0,0,0,0,0,0,1,0,0,0,0,0,0
W16S2019,16,2019,Sun,22-Dec,4:25PM ET,W,,5/9/01,Arizona Cardinals,@,Seattle Seahawks,1,1,0,27,13,21,412,159,253,0,13,224,133,91,1,0,0,0,0,0,0,0,0,0,0,0,0,0,0,0,1,0,0,0,0,0
W17S2019,17,2019,Sun,29-Dec,4:25PM ET,L,,5/10/01,Arizona Cardinals,@,Los Angeles Rams,1,0,0,24,31,22,393,322,71,5,25,424,311,113,0,0,0,0,0,0,0,0,0,0,0,0,0,0,0,0,0,1,0,0,0,0
W1S2019,1,2019,Sun,8-Sep,1:00PM ET,W,,1-0,Kansas City Chiefs,@,Jacksonville Jaguars,1,1,0,40,26,24,491,378,113,0,18,428,347,81,2,1,0,0,0,0,0,0,0,0,0,0,0,0,0,0,0,0,0,0,0,0
W2S2019,2,2019,Sun,15-Sep,4:05PM ET,W,,2-0,Kansas City Chiefs,@,Oakland Raiders,1,1,0,28,10,24,467,436,31,1,19,307,178,129,2,0,1,0,0,0,0,0,0,0,0,0,0,0,0,0,0,0,0,0,0,0
W3S2019,3,2019,Sun,22-Sep,1:00PM ET,W,,3-0,Kansas City Chiefs,,Baltimore Ravens,0,1,0,33,28,27,503,363,140,0,29,452,249,203,0,0,0,1,0,0,0,0,0,0,0,0,0,0,0,0,0,0,0,0,0,0
W4S2019,4,2019,Sun,29-Sep,1:00PM ET,W,,4-0,Kansas City Chiefs,@,Detroit Lions,1,1,0,34,30,29,438,315,123,3,29,447,261,186,2,0,0,0,1,0,0,0,0,0,0,0,0,0,0,0,0,0,0,0,0,0
W5S2019,5,2019,Sun,6-Oct,8:20PM ET,L,,4-1,Kansas City Chiefs,,Indianapolis Colts,0,0,0,13,19,18,324,288,36,1,25,331,151,180,1,0,0,0,0,1,0,0,0,0,0,0,0,0,0,0,0,0,0,0,0,0
W6S2019,6,2019,Sun,13-Oct,1:00PM ET,L,,4-2,Kansas City Chiefs,,Houston Texans,0,0,0,24,31,20,309,256,53,2,35,472,280,192,3,0,0,0,0,0,1,0,0,0,0,0,0,0,0,0,0,0,0,0,0,0
W7S2019,7,2019,Thu,17-Oct,8:20PM ET,W,,5-2,Kansas City Chiefs,@,Denver Broncos,1,1,0,30,6,14,271,191,80,0,15,205,134,71,1,0,0,0,0,0,0,1,0,0,0,0,0,0,0,0,0,0,0,0,0,0
W8S2019,8,2019,Sun,27-Oct,8:20PM ET,L,,5-3,Kansas City Chiefs,,Green Bay Packers,0,0,0,24,31,21,337,249,88,1,21,374,256,118,0,0,0,0,0,0,0,0,1,0,0,0,0,0,0,0,0,0,0,0,0,0
W9S2019,9,2019,Sun,3-Nov,1:00PM ET,W,,6-3,Kansas City Chiefs,,Minnesota Vikings,0,1,0,26,23,17,377,230,147,1,17,308,212,96,0,0,0,0,0,0,0,0,0,1,0,0,0,0,0,0,0,0,0,0,0,0
W10S2019,10,2019,Sun,10-Nov,1:00PM ET,L,,6-4,Kansas City Chiefs,@,Tennessee Titans,1,0,0,32,35,28,530,433,97,1,19,371,146,225,1,0,0,0,0,0,0,0,0,0,1,0,0,0,0,0,0,0,0,0,0,0
W11S2019,11,2019,Mon,18-Nov,8:15PM ET,W,,7-4,Kansas City Chiefs,@,Los Angeles Chargers,1,1,0,24,17,18,310,180,130,1,23,438,345,93,4,0,0,0,0,0,0,0,0,0,0,1,0,0,0,0,0,0,0,0,0,0
W13S2019,13,2019,Sun,1-Dec,4:25PM ET,W,,8-4,Kansas City Chiefs,,Oakland Raiders,0,1,0,40,9,22,259,163,96,0,19,332,210,122,3,0,0,0,0,0,0,0,0,0,0,0,0,1,0,0,0,0,0,0,0,0
W14S2019,14,2019,Sun,8-Dec,4:25PM ET,W,,9-4,Kansas City Chiefs,@,New England Patriots,1,1,0,23,16,20,346,271,75,2,17,278,184,94,1,0,0,0,0,0,0,0,0,0,0,0,0,0,1,0,0,0,0,0,0,0
W15S2019,15,2019,Sun,15-Dec,1:00PM ET,W,,10-4,Kansas City Chiefs,,Denver Broncos,0,1,0,23,3,27,419,327,92,1,15,251,199,52,1,0,0,0,0,0,0,0,0,0,0,0,0,0,0,1,0,0,0,0,0,0
W16S2019,16,2019,Sun,22-Dec,8:20PM ET,W,,11-4,Kansas City Chiefs,@,Chicago Bears,1,1,0,26,3,25,350,244,106,0,18,234,133,101,0,0,0,0,0,0,0,0,0,0,0,0,0,0,0,0,1,0,0,0,0,0
W17S2019,17,2019,Sun,29-Dec,1:00PM ET,W,,12-4,Kansas City Chiefs,,Los Angeles Chargers,0,1,0,31,21,16,336,174,162,1,25,366,258,108,2,0,0,0,0,0,0,0,0,0,0,0,0,0,0,0,0,1,0,0,0,0
DivisionS2019,Division,2019,Sun,12-Jan,3:05PM ET,W,,13-4,Kansas City Chiefs,,Houston Texans,0,1,0,51,31,29,434,316,118,1,23,442,348,94,1,0,0,0,0,0,0,0,0,0,0,0,0,0,0,0,0,0,0,1,0,0
Conf. Champ.S2019,Conf. Champ.,2019,Sun,19-Jan,3:05PM ET,W,,14-4,Kansas City Chiefs,,Tennessee Titans,0,1,0,35,24,27,404,292,112,0,20,295,210,85,0,0,0,0,0,0,0,0,0,0,0,0,0,0,0,0,0,0,0,0,1,0
SuperBowlS2019,SuperBowl,2019,Sun,2-Feb,6:30PM ET,W,,15-4,Kansas City Chiefs,@,San Francisco 49ers,1,1,0,31,20,26,397,268,129,2,21,351,210,141,2,0,0,0,0,0,0,0,0,0,0,0,0,0,0,0,0,0,0,0,0,0
W1S2019,1,2019,Sun,8-Sep,4:25PM ET,L,,0-1,Tampa Bay Buccaneers,,San Francisco 49ers,0,0,0,17,31,21,295,174,121,4,17,256,158,98,2,1,0,0,0,0,0,0,0,0,0,0,0,0,0,0,0,0,0,0,0,0
W2S2019,2,2019,Thu,12-Sep,8:20PM ET,W,,1-1,Tampa Bay Buccaneers,@,Carolina Panthers,1,1,0,20,14,16,289,189,100,0,20,352,313,39,1,0,1,0,0,0,0,0,0,0,0,0,0,0,0,0,0,0,0,0,0,0
W3S2019,3,2019,Sun,22-Sep,4:05PM ET,L,,1-2,Tampa Bay Buccaneers,,New York Giants,0,0,0,31,32,24,499,355,144,1,17,384,312,72,2,0,0,1,0,0,0,0,0,0,0,0,0,0,0,0,0,0,0,0,0,0
W4S2019,4,2019,Sun,29-Sep,4:05PM ET,W,,2-2,Tampa Bay Buccaneers,@,Los Angeles Rams,1,1,0,55,40,27,464,376,88,1,36,518,490,28,4,0,0,0,1,0,0,0,0,0,0,0,0,0,0,0,0,0,0,0,0,0
W5S2019,5,2019,Sun,6-Oct,1:00PM ET,L,,2-3,Tampa Bay Buccaneers,@,New Orleans Saints,1,0,0,24,31,19,252,158,94,0,25,457,345,112,1,0,0,0,0,1,0,0,0,0,0,0,0,0,0,0,0,0,0,0,0,0
W6S2019,6,2019,Sun,13-Oct,9:30AM ET,L,,2-4,Tampa Bay Buccaneers,,Carolina Panthers,0,0,0,26,37,23,407,365,42,7,17,268,209,59,1,0,0,0,0,0,1,0,0,0,0,0,0,0,0,0,0,0,0,0,0,0
W8S2019,8,2019,Sun,27-Oct,1:00PM ET,L,,2-5,Tampa Bay Buccaneers,@,Tennessee Titans,1,0,0,23,27,23,389,283,106,4,16,246,174,72,1,0,0,0,0,0,0,0,1,0,0,0,0,0,0,0,0,0,0,0,0,0
W9S2019,9,2019,Sun,3-Nov,4:05PM ET,L,OT,2-6,Tampa Bay Buccaneers,@,Seattle Seahawks,1,0,0,34,40,29,418,319,99,1,31,492,347,145,1,0,0,0,0,0,0,0,0,1,0,0,0,0,0,0,0,0,0,0,0,0
W10S2019,10,2019,Sun,10-Nov,1:00PM ET,W,,3-6,Tampa Bay Buccaneers,,Arizona Cardinals,0,1,0,30,27,26,457,339,118,3,20,417,342,75,2,0,0,0,0,0,0,0,0,0,1,0,0,0,0,0,0,0,0,0,0,0
W11S2019,11,2019,Sun,17-Nov,1:00PM ET,L,,3-7,Tampa Bay Buccaneers,,New Orleans Saints,0,0,0,17,34,21,334,298,36,4,21,328,219,109,0,0,0,0,0,0,0,0,0,0,0,1,0,0,0,0,0,0,0,0,0,0
W12S2019,12,2019,Sun,24-Nov,1:00PM ET,W,,4-7,Tampa Bay Buccaneers,@,Atlanta Falcons,1,1,0,35,22,20,446,313,133,2,22,337,280,57,2,0,0,0,0,0,0,0,0,0,0,0,1,0,0,0,0,0,0,0,0,0
W13S2019,13,2019,Sun,1-Dec,1:00PM ET,W,,5-7,Tampa Bay Buccaneers,@,Jacksonville Jaguars,1,1,0,28,11,19,315,241,74,1,14,242,193,49,4,0,0,0,0,0,0,0,0,0,0,0,0,1,0,0,0,0,0,0,0,0
W14S2019,14,2019,Sun,8-Dec,1:00PM ET,W,,6-7,Tampa Bay Buccaneers,,Indianapolis Colts,0,1,0,38,35,29,542,467,75,4,16,309,243,66,1,0,0,0,0,0,0,0,0,0,0,0,0,0,1,0,0,0,0,0,0,0
W15S2019,15,2019,Sun,15-Dec,1:00PM ET,W,,7-7,Tampa Bay Buccaneers,@,Detroit Lions,1,1,0,38,17,23,495,446,49,1,16,295,250,45,3,0,0,0,0,0,0,0,0,0,0,0,0,0,0,1,0,0,0,0,0,0
W16S2019,16,2019,Sat,21-Dec,1:00PM ET,L,,7-8,Tampa Bay Buccaneers,,Houston Texans,0,0,0,20,23,19,435,329,106,5,15,229,161,68,2,0,0,0,0,0,0,0,0,0,0,0,0,0,0,0,1,0,0,0,0,0
W17S2019,17,2019,Sun,29-Dec,1:00PM ET,L,OT,7-9,Tampa Bay Buccaneers,,Atlanta Falcons,0,0,0,22,28,14,329,193,136,3,28,373,286,87,1,0,0,0,0,0,0,0,0,0,0,0,0,0,0,0,0,1,0,0,0,0
W1S2019,1,2019,Sun,8-Sep,1:00PM ET,L,,0-1,Cleveland Browns,,Tennessee Titans,0,0,0,13,43,19,346,244,102,3,21,339,216,123,0,1,0,0,0,0,0,0,0,0,0,0,0,0,0,0,0,0,0,0,0,0
W2S2019,2,2019,Mon,16-Sep,8:15PM ET,W,,1-1,Cleveland Browns,@,New York Jets,1,1,0,23,3,16,375,305,70,1,13,262,169,93,1,0,1,0,0,0,0,0,0,0,0,0,0,0,0,0,0,0,0,0,0,0
W3S2019,3,2019,Sun,22-Sep,8:20PM ET,L,,1-2,Cleveland Browns,,Los Angeles Rams,0,0,0,13,20,18,270,175,95,1,20,344,254,90,3,0,0,1,0,0,0,0,0,0,0,0,0,0,0,0,0,0,0,0,0,0
W4S2019,4,2019,Sun,29-Sep,1:00PM ET,W,,2-2,Cleveland Browns,@,Baltimore Ravens,1,1,0,40,25,22,530,337,193,1,24,395,222,173,3,0,0,0,1,0,0,0,0,0,0,0,0,0,0,0,0,0,0,0,0,0
W5S2019,5,2019,Mon,7-Oct,8:15PM ET,L,,2-3,Cleveland Browns,@,San Francisco 49ers,1,0,0,3,31,9,180,78,102,4,22,446,171,275,0,0,0,0,0,1,0,0,0,0,0,0,0,0,0,0,0,0,0,0,0,0
W6S2019,6,2019,Sun,13-Oct,1:00PM ET,L,,2-4,Cleveland Browns,,Seattle Seahawks,0,0,0,28,32,21,406,249,157,4,29,454,284,170,1,0,0,0,0,0,1,0,0,0,0,0,0,0,0,0,0,0,0,0,0,0
W8S2019,8,2019,Sun,27-Oct,4:25PM ET,L,,2-5,Cleveland Browns,@,New England Patriots,1,0,0,13,27,15,310,151,159,3,19,318,239,79,0,0,0,0,0,0,0,0,1,0,0,0,0,0,0,0,0,0,0,0,0,0
W9S2019,9,2019,Sun,3-Nov,4:25PM ET,L,,2-6,Cleveland Browns,@,Denver Broncos,1,0,0,19,24,21,351,261,90,0,13,302,175,127,1,0,0,0,0,0,0,0,0,1,0,0,0,0,0,0,0,0,0,0,0,0
W10S2019,10,2019,Sun,10-Nov,1:00PM ET,W,,3-6,Cleveland Browns,,Buffalo Bills,0,1,0,19,16,24,368,221,147,0,20,344,260,84,0,0,0,0,0,0,0,0,0,0,1,0,0,0,0,0,0,0,0,0,0,0
W11S2019,11,2019,Thu,14-Nov,8:20PM ET,W,,4-6,Cleveland Browns,,Pittsburgh Steelers,0,1,0,21,7,17,293,189,104,0,18,236,178,58,4,0,0,0,0,0,0,0,0,0,0,1,0,0,0,0,0,0,0,0,0,0
W12S2019,12,2019,Sun,24-Nov,1:00PM ET,W,,5-6,Cleveland Browns,,Miami Dolphins,0,1,0,41,24,30,467,320,147,1,22,284,192,92,2,0,0,0,0,0,0,0,0,0,0,0,1,0,0,0,0,0,0,0,0,0
W13S2019,13,2019,Sun,1-Dec,1:00PM ET,L,,5-7,Cleveland Browns,@,Pittsburgh Steelers,1,0,0,13,20,19,279,173,106,2,18,323,199,124,1,0,0,0,0,0,0,0,0,0,0,0,0,1,0,0,0,0,0,0,0,0
W14S2019,14,2019,Sun,8-Dec,1:00PM ET,W,,6-7,Cleveland Browns,,Cincinnati Bengals,0,1,0,27,19,17,333,187,146,2,27,451,272,179,1,0,0,0,0,0,0,0,0,0,0,0,0,0,1,0,0,0,0,0,0,0
W15S2019,15,2019,Sun,15-Dec,4:05PM ET,L,,6-8,Cleveland Browns,@,Arizona Cardinals,1,0,0,24,38,25,393,241,152,2,26,445,219,226,1,0,0,0,0,0,0,0,0,0,0,0,0,0,0,1,0,0,0,0,0,0
W16S2019,16,2019,Sun,22-Dec,1:00PM ET,L,,6-9,Cleveland Browns,,Baltimore Ravens,0,0,0,15,31,17,241,184,57,1,31,481,238,243,1,0,0,0,0,0,0,0,0,0,0,0,0,0,0,0,1,0,0,0,0,0
W17S2019,17,2019,Sun,29-Dec,1:00PM ET,L,,6-10,Cleveland Browns,@,Cincinnati Bengals,1,0,0,23,33,15,313,239,74,3,22,361,182,179,1,0,0,0,0,0,0,0,0,0,0,0,0,0,0,0,0,1,0,0,0,0
W1S2019,1,2019,Mon,9-Sep,10:20PM ET,L,,0-1,Denver Broncos,@,Oakland Raiders,1,0,0,16,24,18,344,249,95,0,19,357,259,98,0,1,0,0,0,0,0,0,0,0,0,0,0,0,0,0,0,0,0,0,0,0
W2S2019,2,2019,Sun,15-Sep,4:25PM ET,L,,0-2,Denver Broncos,,Chicago Bears,0,0,0,14,16,27,372,282,90,1,18,273,120,153,0,0,1,0,0,0,0,0,0,0,0,0,0,0,0,0,0,0,0,0,0,0
W3S2019,3,2019,Sun,22-Sep,1:00PM ET,L,,0-3,Denver Broncos,@,Green Bay Packers,1,0,0,16,27,20,310,161,149,3,16,312,235,77,0,0,0,1,0,0,0,0,0,0,0,0,0,0,0,0,0,0,0,0,0,0
W4S2019,4,2019,Sun,29-Sep,4:25PM ET,L,,0-4,Denver Broncos,,Jacksonville Jaguars,0,0,0,24,26,19,371,303,68,1,25,455,186,269,0,0,0,0,1,0,0,0,0,0,0,0,0,0,0,0,0,0,0,0,0,0
W5S2019,5,2019,Sun,6-Oct,4:05PM ET,W,,1-4,Denver Broncos,@,Los Angeles Chargers,1,1,0,20,13,15,350,159,191,2,19,246,211,35,3,0,0,0,0,1,0,0,0,0,0,0,0,0,0,0,0,0,0,0,0,0
W6S2019,6,2019,Sun,13-Oct,4:25PM ET,W,,2-4,Denver Broncos,,Tennessee Titans,0,1,0,16,0,11,270,167,103,1,12,204,165,39,3,0,0,0,0,0,1,0,0,0,0,0,0,0,0,0,0,0,0,0,0,0
W7S2019,7,2019,Thu,17-Oct,8:20PM ET,L,,2-5,Denver Broncos,,Kansas City Chiefs,0,0,0,6,30,15,205,134,71,1,14,271,191,80,0,0,0,0,0,0,0,1,0,0,0,0,0,0,0,0,0,0,0,0,0,0
W8S2019,8,2019,Sun,27-Oct,1:00PM ET,L,,2-6,Denver Broncos,@,Indianapolis Colts,1,0,0,13,15,21,279,166,113,0,19,318,191,127,1,0,0,0,0,0,0,0,1,0,0,0,0,0,0,0,0,0,0,0,0,0
W9S2019,9,2019,Sun,3-Nov,4:25PM ET,W,,3-6,Denver Broncos,,Cleveland Browns,0,1,0,24,19,13,302,175,127,1,21,351,261,90,0,0,0,0,0,0,0,0,0,1,0,0,0,0,0,0,0,0,0,0,0,0
W11S2019,11,2019,Sun,17-Nov,1:00PM ET,L,,3-7,Denver Broncos,@,Minnesota Vikings,1,0,0,23,27,20,394,270,124,1,19,321,284,37,2,0,0,0,0,0,0,0,0,0,0,1,0,0,0,0,0,0,0,0,0,0
W12S2019,12,2019,Sun,24-Nov,1:00PM ET,L,,3-8,Denver Broncos,@,Buffalo Bills,1,0,0,3,20,9,134,49,85,1,22,424,180,244,1,0,0,0,0,0,0,0,0,0,0,0,1,0,0,0,0,0,0,0,0,0
W13S2019,13,2019,Sun,1-Dec,4:25PM ET,W,,4-8,Denver Broncos,,Los Angeles Chargers,0,1,0,23,20,13,218,134,84,1,17,359,244,115,2,0,0,0,0,0,0,0,0,0,0,0,0,1,0,0,0,0,0,0,0,0
W14S2019,14,2019,Sun,8-Dec,1:00PM ET,W,,5-8,Denver Broncos,@,Houston Texans,1,1,0,38,24,22,391,301,90,1,26,414,280,134,3,0,0,0,0,0,0,0,0,0,0,0,0,0,1,0,0,0,0,0,0,0
W15S2019,15,2019,Sun,15-Dec,1:00PM ET,L,,5-9,Denver Broncos,@,Kansas City Chiefs,1,0,0,3,23,15,251,199,52,1,27,419,327,92,1,0,0,0,0,0,0,0,0,0,0,0,0,0,0,1,0,0,0,0,0,0
W16S2019,16,2019,Sun,22-Dec,4:05PM ET,W,,6-9,Denver Broncos,,Detroit Lions,0,1,0,27,17,25,348,198,150,0,13,191,95,96,0,0,0,0,0,0,0,0,0,0,0,0,0,0,0,0,1,0,0,0,0,0
W17S2019,17,2019,Sun,29-Dec,4:25PM ET,W,,7-9,Denver Broncos,,Oakland Raiders,0,1,0,16,15,16,238,168,70,1,18,477,380,97,1,0,0,0,0,0,0,0,0,0,0,0,0,0,0,0,0,1,0,0,0,0
W1S2019,1,2019,Sun,8-Sep,1:00PM ET,W,,1-0,Buffalo Bills,@,New York Jets,1,1,0,17,16,23,370,242,128,4,17,223,155,68,1,1,0,0,0,0,0,0,0,0,0,0,0,0,0,0,0,0,0,0,0,0
W2S2019,2,2019,Sun,15-Sep,1:00PM ET,W,,2-0,Buffalo Bills,@,New York Giants,1,1,0,28,14,24,388,237,151,0,21,370,241,129,2,0,1,0,0,0,0,0,0,0,0,0,0,0,0,0,0,0,0,0,0,0
W3S2019,3,2019,Sun,22-Sep,1:00PM ET,W,,3-0,Buffalo Bills,,Cincinnati Bengals,0,1,0,21,17,25,416,241,175,2,17,306,240,66,4,0,0,1,0,0,0,0,0,0,0,0,0,0,0,0,0,0,0,0,0,0
W4S2019,4,2019,Sun,29-Sep,1:00PM ET,L,,3-1,Buffalo Bills,,New England Patriots,0,0,0,10,16,23,375,240,135,4,11,224,150,74,1,0,0,0,1,0,0,0,0,0,0,0,0,0,0,0,0,0,0,0,0,0
W5S2019,5,2019,Sun,6-Oct,1:00PM ET,W,,4-1,Buffalo Bills,@,Tennessee Titans,1,1,0,14,7,18,313,204,109,1,14,252,150,102,0,0,0,0,0,1,0,0,0,0,0,0,0,0,0,0,0,0,0,0,0,0
W7S2019,7,2019,Sun,20-Oct,1:00PM ET,W,,5-1,Buffalo Bills,,Miami Dolphins,0,1,0,31,21,17,305,188,117,0,24,381,272,109,2,0,0,0,0,0,0,1,0,0,0,0,0,0,0,0,0,0,0,0,0,0
W8S2019,8,2019,Sun,27-Oct,1:00PM ET,L,,5-2,Buffalo Bills,,Philadelphia Eagles,0,0,0,13,31,16,253,155,98,1,21,371,153,218,1,0,0,0,0,0,0,0,1,0,0,0,0,0,0,0,0,0,0,0,0,0
W9S2019,9,2019,Sun,3-Nov,1:00PM ET,W,,6-2,Buffalo Bills,,Washington Redskins,0,1,0,24,9,18,268,146,122,0,12,243,116,127,0,0,0,0,0,0,0,0,0,1,0,0,0,0,0,0,0,0,0,0,0,0
W10S2019,10,2019,Sun,10-Nov,1:00PM ET,L,,6-3,Buffalo Bills,@,Cleveland Browns,1,0,0,16,19,20,344,260,84,0,24,368,221,147,0,0,0,0,0,0,0,0,0,0,1,0,0,0,0,0,0,0,0,0,0,0
W11S2019,11,2019,Sun,17-Nov,1:00PM ET,W,,7-3,Buffalo Bills,@,Miami Dolphins,1,1,0,37,20,22,424,256,168,0,19,303,280,23,1,0,0,0,0,0,0,0,0,0,0,1,0,0,0,0,0,0,0,0,0,0
W12S2019,12,2019,Sun,24-Nov,1:00PM ET,W,,8-3,Buffalo Bills,,Denver Broncos,0,1,0,20,3,22,424,180,244,1,9,134,49,85,1,0,0,0,0,0,0,0,0,0,0,0,1,0,0,0,0,0,0,0,0,0
W13S2019,13,2019,Thu,28-Nov,4:30PM ET,W,,9-3,Buffalo Bills,@,Dallas Cowboys,1,1,0,26,15,22,356,232,124,0,32,426,323,103,2,0,0,0,0,0,0,0,0,0,0,0,0,1,0,0,0,0,0,0,0,0
W14S2019,14,2019,Sun,8-Dec,1:00PM ET,L,,9-4,Buffalo Bills,,Baltimore Ravens,0,0,0,17,24,16,209,105,104,1,18,257,139,118,1,0,0,0,0,0,0,0,0,0,0,0,0,0,1,0,0,0,0,0,0,0
W15S2019,15,2019,Sun,15-Dec,8:20PM ET,W,,10-4,Buffalo Bills,@,Pittsburgh Steelers,1,1,0,17,10,17,261,131,130,2,15,229,178,51,5,0,0,0,0,0,0,0,0,0,0,0,0,0,0,1,0,0,0,0,0,0
W16S2019,16,2019,Sat,21-Dec,4:30PM ET,L,,10-5,Buffalo Bills,@,New England Patriots,1,0,0,17,24,14,268,176,92,0,23,414,271,143,1,0,0,0,0,0,0,0,0,0,0,0,0,0,0,0,1,0,0,0,0,0
W17S2019,17,2019,Sun,29-Dec,1:00PM ET,L,,10-6,Buffalo Bills,,New York Jets,0,0,0,6,13,17,309,236,73,3,18,271,185,86,1,0,0,0,0,0,0,0,0,0,0,0,0,0,0,0,0,1,0,0,0,0
Wild CardS2019,Wild Card,2019,Sat,4-Jan,4:35PM ET,L,OT,10-7,Buffalo Bills,@,Houston Texans,1,0,0,19,22,24,425,253,172,1,19,360,219,141,1,0,0,0,0,0,0,0,0,0,0,0,0,0,0,0,0,0,1,0,0,0
W1S2019,1,2019,Sun,8-Sep,4:05PM ET,L,,0-1,Cincinnati Bengals,@,Seattle Seahawks,1,0,0,20,21,22,429,395,34,3,12,232,160,72,1,1,0,0,0,0,0,0,0,0,0,0,0,0,0,0,0,0,0,0,0,0
W2S2019,2,2019,Sun,15-Sep,1:00PM ET,L,,0-2,Cincinnati Bengals,,San Francisco 49ers,0,0,0,17,41,14,316,291,25,1,27,571,312,259,1,0,1,0,0,0,0,0,0,0,0,0,0,0,0,0,0,0,0,0,0,0
W3S2019,3,2019,Sun,22-Sep,1:00PM ET,L,,0-3,Cincinnati Bengals,@,Buffalo Bills,1,0,0,17,21,17,306,240,66,4,25,416,241,175,2,0,0,1,0,0,0,0,0,0,0,0,0,0,0,0,0,0,0,0,0,0
W4S2019,4,2019,Mon,30-Sep,8:15PM ET,L,,0-4,Cincinnati Bengals,@,Pittsburgh Steelers,1,0,0,3,27,16,175,102,73,2,20,326,260,66,1,0,0,0,1,0,0,0,0,0,0,0,0,0,0,0,0,0,0,0,0,0
W5S2019,5,2019,Sun,6-Oct,1:00PM ET,L,,0-5,Cincinnati Bengals,,Arizona Cardinals,0,0,0,23,26,21,370,262,108,0,26,514,248,266,0,0,0,0,0,1,0,0,0,0,0,0,0,0,0,0,0,0,0,0,0,0
W6S2019,6,2019,Sun,13-Oct,1:00PM ET,L,,0-6,Cincinnati Bengals,@,Baltimore Ravens,1,0,0,17,23,18,250,217,33,1,26,497,228,269,1,0,0,0,0,0,1,0,0,0,0,0,0,0,0,0,0,0,0,0,0,0
W7S2019,7,2019,Sun,20-Oct,1:00PM ET,L,,0-7,Cincinnati Bengals,,Jacksonville Jaguars,0,0,0,17,27,21,291,258,33,4,22,460,244,216,0,0,0,0,0,0,0,1,0,0,0,0,0,0,0,0,0,0,0,0,0,0
W8S2019,8,2019,Sun,27-Oct,1:00PM ET,L,,0-8,Cincinnati Bengals,@,Los Angeles Rams,1,0,0,10,24,24,401,297,104,0,19,470,372,98,0,0,0,0,0,0,0,0,1,0,0,0,0,0,0,0,0,0,0,0,0,0
W10S2019,10,2019,Sun,10-Nov,1:00PM ET,L,,0-9,Cincinnati Bengals,,Baltimore Ravens,0,0,0,13,49,21,307,150,157,3,20,379,243,136,1,0,0,0,0,0,0,0,0,0,1,0,0,0,0,0,0,0,0,0,0,0
W11S2019,11,2019,Sun,17-Nov,4:25PM ET,L,,0-10,Cincinnati Bengals,@,Oakland Raiders,1,0,0,10,17,16,246,73,173,2,20,386,273,113,2,0,0,0,0,0,0,0,0,0,0,1,0,0,0,0,0,0,0,0,0,0
W12S2019,12,2019,Sun,24-Nov,1:00PM ET,L,,0-11,Cincinnati Bengals,,Pittsburgh Steelers,0,0,0,10,16,11,244,158,86,2,16,338,179,159,1,0,0,0,0,0,0,0,0,0,0,0,1,0,0,0,0,0,0,0,0,0
W13S2019,13,2019,Sun,1-Dec,1:00PM ET,W,,1-11,Cincinnati Bengals,,New York Jets,0,1,0,22,6,18,277,233,44,0,15,271,209,62,0,0,0,0,0,0,0,0,0,0,0,0,0,1,0,0,0,0,0,0,0,0
W14S2019,14,2019,Sun,8-Dec,1:00PM ET,L,,1-12,Cincinnati Bengals,@,Cleveland Browns,1,0,0,19,27,27,451,272,179,1,17,333,187,146,2,0,0,0,0,0,0,0,0,0,0,0,0,0,1,0,0,0,0,0,0,0
W15S2019,15,2019,Sun,15-Dec,1:00PM ET,L,,1-13,Cincinnati Bengals,,New England Patriots,0,0,0,13,34,19,315,151,164,5,19,291,116,175,0,0,0,0,0,0,0,0,0,0,0,0,0,0,0,1,0,0,0,0,0,0
W16S2019,16,2019,Sun,22-Dec,1:00PM ET,L,OT,1-14,Cincinnati Bengals,@,Miami Dolphins,1,0,0,35,38,25,430,371,59,1,29,502,406,96,1,0,0,0,0,0,0,0,0,0,0,0,0,0,0,0,1,0,0,0,0,0
W17S2019,17,2019,Sun,29-Dec,1:00PM ET,W,,2-14,Cincinnati Bengals,,Cleveland Browns,0,1,0,33,23,22,361,182,179,1,15,313,239,74,3,0,0,0,0,0,0,0,0,0,0,0,0,0,0,0,0,1,0,0,0,0
W1S2019,1,2019,Thu,5-Sep,8:20PM ET,L,,0-1,Chicago Bears,,Green Bay Packers,0,0,0,3,10,16,254,208,46,1,13,213,166,47,0,1,0,0,0,0,0,0,0,0,0,0,0,0,0,0,0,0,0,0,0,0
W2S2019,2,2019,Sun,15-Sep,4:25PM ET,W,,1-1,Chicago Bears,@,Denver Broncos,1,1,0,16,14,18,273,120,153,0,27,372,282,90,1,0,1,0,0,0,0,0,0,0,0,0,0,0,0,0,0,0,0,0,0,0
W3S2019,3,2019,Mon,23-Sep,8:15PM ET,W,,2-1,Chicago Bears,@,Washington Redskins,1,1,0,31,15,21,298,208,90,1,25,356,287,69,5,0,0,1,0,0,0,0,0,0,0,0,0,0,0,0,0,0,0,0,0,0
W4S2019,4,2019,Sun,29-Sep,4:25PM ET,W,,3-1,Chicago Bears,,Minnesota Vikings,0,1,0,16,6,17,269,197,72,0,15,222,182,40,2,0,0,0,1,0,0,0,0,0,0,0,0,0,0,0,0,0,0,0,0,0
W5S2019,5,2019,Sun,6-Oct,1:00PM ET,L,,3-2,Chicago Bears,@,Oakland Raiders,1,0,0,21,24,15,236,194,42,2,25,398,229,169,2,0,0,0,0,1,0,0,0,0,0,0,0,0,0,0,0,0,0,0,0,0
W7S2019,7,2019,Sun,20-Oct,4:25PM ET,L,,3-3,Chicago Bears,,New Orleans Saints,0,0,0,25,36,16,252,235,17,2,24,424,273,151,0,0,0,0,0,0,0,1,0,0,0,0,0,0,0,0,0,0,0,0,0,0
W8S2019,8,2019,Sun,27-Oct,1:00PM ET,L,,3-4,Chicago Bears,,Los Angeles Chargers,0,0,0,16,17,26,388,226,162,2,11,231,195,36,1,0,0,0,0,0,0,0,1,0,0,0,0,0,0,0,0,0,0,0,0,0
W9S2019,9,2019,Sun,3-Nov,1:00PM ET,L,,3-5,Chicago Bears,@,Philadelphia Eagles,1,0,0,14,22,10,164,102,62,1,26,373,227,146,0,0,0,0,0,0,0,0,0,1,0,0,0,0,0,0,0,0,0,0,0,0
W10S2019,10,2019,Sun,10-Nov,1:00PM ET,W,,4-5,Chicago Bears,,Detroit Lions,0,1,0,20,13,13,226,145,81,0,21,357,259,98,1,0,0,0,0,0,0,0,0,0,1,0,0,0,0,0,0,0,0,0,0,0
W11S2019,11,2019,Sun,17-Nov,8:20PM ET,L,,4-6,Chicago Bears,@,Los Angeles Rams,1,0,0,7,17,17,267,193,74,1,13,283,173,110,2,0,0,0,0,0,0,0,0,0,0,1,0,0,0,0,0,0,0,0,0,0
W12S2019,12,2019,Sun,24-Nov,1:00PM ET,W,,5-6,Chicago Bears,,New York Giants,0,1,0,19,14,20,335,270,65,2,14,243,134,109,1,0,0,0,0,0,0,0,0,0,0,0,1,0,0,0,0,0,0,0,0,0
W13S2019,13,2019,Thu,28-Nov,12:30PM ET,W,,6-6,Chicago Bears,@,Detroit Lions,1,1,0,24,20,22,419,331,88,1,19,364,259,105,1,0,0,0,0,0,0,0,0,0,0,0,0,1,0,0,0,0,0,0,0,0
W14S2019,14,2019,Thu,5-Dec,8:20PM ET,W,,7-6,Chicago Bears,,Dallas Cowboys,0,1,0,31,24,24,382,231,151,2,22,408,326,82,0,0,0,0,0,0,0,0,0,0,0,0,0,0,1,0,0,0,0,0,0,0
W15S2019,15,2019,Sun,15-Dec,1:00PM ET,L,,7-7,Chicago Bears,@,Green Bay Packers,1,0,0,13,21,20,415,319,96,3,12,292,192,100,0,0,0,0,0,0,0,0,0,0,0,0,0,0,0,1,0,0,0,0,0,0
W16S2019,16,2019,Sun,22-Dec,8:20PM ET,L,,7-8,Chicago Bears,,Kansas City Chiefs,0,0,0,3,26,18,234,133,101,0,25,350,244,106,0,0,0,0,0,0,0,0,0,0,0,0,0,0,0,0,1,0,0,0,0,0
W17S2019,17,2019,Sun,29-Dec,1:00PM ET,W,,8-8,Chicago Bears,@,Minnesota Vikings,1,1,0,21,19,24,337,179,158,1,14,300,126,174,3,0,0,0,0,0,0,0,0,0,0,0,0,0,0,0,0,1,0,0,0,0
